,t1999,t2000,t2001,t2002,t2003,t2004,t2005,t2006,t2007,t2008,t2009,t2010,t2011
Aachen,12.60062698,13.60066301,12.8579149,12.79541,12.21004346,13.54743924,12.03838827,10.87449147,13.29962595,13.8640606,13.21142944,10.77759798,11.57492265
Ahaus,13.79952228,14.04927279,13.53029915,13.95667772,13.4411193,13.71089651,12.70846888,11.92564141,12.59895961,12.59109167,12.8771977,10.58798418,11.71159481
Ahlen,10.34043407,12.5237706,10.97708448,12.69478022,11.64479945,12.23518475,10.72550687,11.34630426,12.00178297,11.33672115,10.4600886,9.32739011,9.587846841
Aldenhoven,13.1049125,14.15444063,11.6918625,12.74055938,11.31010781,13.44502344,12.43199063,10.61600938,13.27703594,13.9898625,13.34618438,10.84407031,11.44183906
Alfter,11.44848415,13.51185563,11.68267782,12.34135739,11.56510563,13.90582042,12.70699472,12.02554225,12.74083627,13.03705458,12.62094366,11.2665088,11.83149472
Alpen,13.52287868,13.03822426,11.66416054,13.25708211,12.0682549,13.98210539,12.77492647,11.23081127,13.13997917,13.31808211,12.90261029,11.35418137,11.89938113
Alsdorf ,12.64678606,14.4033149,13.04457933,13.5788125,12.32944471,14.28325721,12.81957933,10.69790625,13.41909856,14.40232692,13.52409856,10.85085817,12.25946394
Altena,13.36455532,12.9470462,12.80960326,13.21223564,14.02315334,12.57830823,12.87293245,12.44679057,12.59368595,12.96182143,13.07831425,11.6617038,12.5078028
Altenbeken,11.95535924,11.11576891,10.88657458,11.15774265,10.26832038,10.83653046,10.38103676,11.54334874,10.92118277,11.080375,10.69780147,9.100140756,10.81118487
Altenberge,13.16336848,13.60589698,13.42087294,13.16528915,12.07251013,13.5018647,12.75294969,11.96170845,12.75231233,12.52713084,12.24513049,9.968793098,11.21693887
Anroechte,12.20495576,12.59041023,12.37085859,12.34904649,10.97873761,12.06090122,11.66298536,12.39381467,12.10624212,11.86200756,11.40513562,9.994974582,10.71104424
Arnsberg,14.02612803,13.81044507,13.49837197,13.99772405,13.49434299,13.28679325,13.52728157,13.34543426,12.64836246,12.87044983,13.09608651,11.36710078,12.31934256
Ascheberg,11.55243804,13.14683145,12.40852145,13.38206326,12.2040821,13.12710311,11.5146103,11.65483493,12.31522833,12.33611139,11.50789112,10.05687478,9.353534952
Attendorn,13.86388212,13.10971598,12.88995174,13.38426899,14.24384415,12.56340348,12.60036076,13.20588133,12.60365823,12.38290032,12.47098734,11.10811392,11.82205222
Augustdorf,13.026165,12.13689667,12.02277333,12.38228833,10.87623833,12.07973833,11.41941667,11.70768167,11.666125,11.83714,11.24141167,9.804741667,11.23001167
'Bad Berleburg',12.1125517,11.58649986,11.07701959,11.67646021,12.79900365,10.6871081,11.14048546,11.79521755,11.06676714,11.20502496,11.20264022,9.893727007,10.69419964
'Bad Driburg',13.24070228,12.48813508,12.26182728,12.56949866,11.63938978,12.22372782,11.77218347,13.10016196,12.62920565,12.41266465,12.467375,10.61139919,11.8505289
'Bad Honnef',11.82658135,13.27833135,11.69742262,12.75835516,11.65068056,13.91190873,13.04630952,11.57963889,13.1949623,13.4125873,12.87958333,11.38373214,12.52046032
'Bad Laasphe',12.26609544,12.24401032,11.65750685,12.29788155,13.17973046,11.29858373,11.55706488,12.07409167,11.53303373,11.54237351,11.85225149,10.32645,11.16642708
'Bad Lippspringe',12.31572177,11.75785349,11.72559677,11.8130457,9.690212366,11.56933737,11.00002016,11.21265323,11.14539919,11.22161694,10.96414382,9.079842742,10.80097581
'Bad Muenstereifel',10.78821256,12.20051518,11.28796023,12.25273119,10.9089353,12.19826527,11.24825613,11.78113112,11.64357652,12.57560033,11.83015744,10.304451,10.9909479
'Bad Oeynhausen',14.742375,14.03975064,13.75203476,14.34490513,13.37262452,13.96327328,13.72445871,14.29293224,14.32567395,13.8873192,13.61016247,11.7126132,12.08476961
'Bad Salzuflen',15.24715565,13.99434032,14.22179274,14.23930565,13.76030726,14.27109032,14.03197823,14.84167903,14.73470645,13.67996613,13.44892581,11.94763871,12.70675484
'Bad Sassendorf',15.08315947,14.80651227,14.71515683,14.53528276,13.80743447,14.48194161,13.86875963,14.68618354,14.16019612,14.04897143,13.46727547,12.12019472,12.66524829
'Bad Wuennenberg',11.77751553,11.52378241,10.6581148,11.44345138,9.92633741,10.97154404,10.46241852,11.4543071,10.86178939,11.27405215,10.87216889,9.277476516,10.08746819
Baesweiler ,12.90082639,14.24678472,12.48139583,13.34906944,11.7101713,13.76673148,12.73613194,10.68691204,13.5746088,14.18440972,13.53450926,11.06442593,11.94675231
Balve,13.03045331,13.0615846,12.93951742,13.49110436,13.30555826,12.70149385,13.0684173,13.10767184,12.49408533,12.45947014,12.65201742,11.17620609,11.92300381
Barntrup,14.32967876,13.34569624,13.47384677,13.63908468,12.53954032,12.80175672,12.82236694,14.05743011,13.85269355,13.22464247,12.69969489,11.47372715,12.46517204
Beckum,10.381368,12.17522995,11.10078812,12.17024906,10.19441573,11.75505357,10.61589693,11.18313889,11.53049185,10.75629386,9.598224833,8.856061299,9.733014933
Bedburg,13.72793245,14.19404205,12.83469785,13.36428753,12.5975185,13.76544035,13.46909938,12.66127329,13.26968724,13.90859433,13.44607453,11.91503546,11.78962034
'Bedburg-Hau',14.50441782,14.28106578,12.9512039,14.05566053,13.01607653,14.09475966,12.470543,11.11507434,14.20113539,14.1568617,13.39889067,11.38289012,12.20940324
Beelen,13.39967017,13.54351261,12.91564811,13.76557213,13.1776187,13.55099965,12.76822724,13.3136341,13.5306131,12.79216912,12.34041562,11.17747444,12.29656338
Bergheim,13.19440688,14.13523993,13.09711326,13.05425419,11.78797819,13.6369396,13.30127685,12.48497315,13.50608977,13.8547005,12.83724077,11.57924413,11.95387668
Bergkamen,12.85039786,13.75193548,12.70025238,13.74334667,13.41222238,13.89303071,13.09746143,12.94034167,13.43128833,13.48192833,12.700175,11.1651181,11.447125
Bergneustadt,11.29561194,12.01695709,11.25921828,11.81317351,11.62520522,11.71205037,11.13575,9.867945896,10.73089739,11.48628918,10.98562127,9.369440299,10.76590858
Bestwig,12.56322969,12.13229047,11.68466465,12.23102064,12.61078309,11.33397821,11.88242415,12.03393807,11.61508863,11.82232634,11.84778244,10.6562998,11.44669692
Beverungen,12.74012868,12.92010846,12.66079136,13.24841452,11.41121783,12.87746048,12.33679504,13.55086673,13.21574265,12.71765625,12.78728676,11.03644026,11.67001471
Bielefeld,13.72931292,13.51517956,13.34954919,13.49576574,12.51466947,13.42119672,13.26089419,13.94569864,13.67249764,13.13077622,12.72541057,11.03802342,12.42027529
Billerbeck,12.22418095,13.2662419,12.35562786,12.77701976,11.98298452,12.77113095,11.99823083,11.30778321,12.46035214,11.94191738,12.22539857,9.941504762,10.54940167
Blankenheim,10.22765775,10.85820884,10.28353161,10.25997842,9.7844089,10.5238919,10.25035743,10.27971839,10.09355558,10.80139878,10.82781847,9.207110294,9.464745225
Blomberg,15.16367592,13.83175933,14.14010783,14.14422673,13.24764562,13.54782177,13.48840576,14.80460219,14.43432327,13.66104942,13.49924643,12.03862143,12.8533197
Bocholt,14.25571003,13.82000074,12.75800712,13.57551137,12.58523321,13.64539615,12.08857419,11.40258812,13.34147715,13.38263085,13.35531431,11.52713031,12.39645536
Bochum,13.06862322,13.78526244,13.19502903,13.40225889,12.98224171,13.88470142,13.38555687,12.13502429,12.99085664,13.98277666,13.61786671,11.66930154,11.50642891
Boenen,13.70329167,14.13088095,13.12254762,14.13935714,13.84904167,13.99745833,13.32406944,13.06952778,13.52120238,13.6308373,12.91750595,11.38889087,11.97405159
Borchen,10.93057786,10.81648134,10.65158607,10.78015444,8.244273649,10.77329199,9.910226995,10.74512484,10.22825917,10.57105035,9.757842342,7.899747265,9.554157658
Borgentreich,11.86281921,11.5442537,11.16486899,12.38418125,10.52370355,11.50307726,10.92603636,12.13527729,11.74658355,11.97777803,11.32647169,9.902936158,10.00488647
Borgholzhausen,13.68778186,13.16231412,12.87667979,13.50492979,13.03339448,12.88024229,12.66874168,13.46056981,13.08476157,13.03879586,12.36921063,10.81773052,12.34644318
Borken,13.57327522,14.02188706,13.00378235,13.65856634,12.5327341,13.858625,12.64311842,12.34147862,13.34869463,13.25934978,13.05924287,11.07605811,11.756733
Bornheim,11.88784473,13.42126855,11.76813672,12.01553711,11.39230273,14.06640723,12.85199902,11.8989873,13.08896289,13.1182627,12.35758691,10.86808789,11.77637109
Brakel,14.15203969,13.46861586,13.30673424,13.81455866,12.35329122,13.14974616,12.74221917,14.16352518,13.85069169,13.37410658,13.5102749,11.34240904,12.25883022
Breckerfeld,12.9733513,12.46267623,12.37608478,12.64815921,12.88515137,12.16716088,12.19248848,11.74561048,12.16886916,12.44675617,12.58271529,10.97384496,11.74168858
Brilon,12.7291772,12.27982618,11.59940511,12.50282938,12.06184861,11.72486327,11.87102095,12.91312065,11.9672575,12.18697339,12.04909965,11.01469362,11.88425836
Brueggen,13.63129821,12.6656754,11.12650952,13.61673591,11.2732627,14.24231944,13.09013512,11.1090623,12.89950873,13.9351502,12.91887698,11.21227321,11.31731667
Bruehl,12.25976483,13.57884958,11.99393644,11.93178602,11.02992161,13.97879237,13.06897034,12.07106568,12.96111653,13.1783411,12.17819068,10.78920763,11.50399153
Buende,14.82640648,14.27991568,13.99904934,14.27035825,13.13047772,14.06990795,14.11183303,14.66023932,14.55551399,13.56120637,12.68168833,11.45116808,12.2628577
Burbach,12.41383763,12.1756701,11.12295232,11.67214948,13.13997423,11.61426675,12.09099485,11.75308634,11.883375,12.26871907,11.40937887,10.35876289,11.73580284
Bueren,10.75106279,10.86723367,10.28887152,10.40790643,8.842952454,10.24473701,9.83744759,10.68628412,10.37187921,10.35124673,9.78734669,8.444916159,9.215949405
'Castrop-Rauxel',13.403669,14.22966587,13.51128111,13.54896962,13.31565133,14.21182161,13.47235107,12.81931591,13.44167342,13.73311929,13.1800845,11.34892968,11.37735567
Coesfeld,12.31602237,13.47752475,12.34160316,12.61519943,10.96083584,13.37734309,12.12625999,11.58807152,12.42420995,12.22457841,12.55209715,10.3811433,10.6095168
Dahlem,9.62870096,10.458867,10.11807036,9.720439765,10.20020056,9.919321029,9.814956956,9.917517591,9.425168977,10.04889472,9.984584621,8.538688566,8.674912313
Datteln,12.78798261,14.28729596,13.52590497,13.53586475,13.33941786,14.16992624,13.14625699,12.32951693,13.35079503,13.34452904,13.12944053,11.21967702,11.13935481
Delbrueck,14.18871008,14.01157733,14.12410924,13.80397123,13.16544966,13.8751873,13.6236759,14.30614132,13.6658342,12.88281488,13.34754291,11.24242308,12.74370023
Detmold,14.32657209,13.05141138,13.26311905,13.38855026,12.71424405,13.06309854,12.79263558,13.46289616,13.29424471,12.85198214,12.64606944,11.26179167,12.14185317
Dinslaken,13.57935843,13.84535392,13.03578765,13.73906777,12.93059036,14.1076762,13.17590813,12.49913253,13.75469578,13.87896235,13.84778012,11.60604518,11.5345738
Doerentrup,15.01915278,13.47148611,13.79085494,13.99251235,13.37187963,13.20489815,13.24323765,14.0690679,13.92805247,13.1699213,12.87057099,11.68978858,12.29892438
Dormagen,13.85319542,14.28452634,13.41724785,12.8861882,11.72361246,14.14140261,13.67863285,11.31759954,13.03451874,13.53259828,12.60878052,11.57256408,11.48868554
Dorsten,13.06686991,13.96903722,13.27668065,13.47262385,12.55801363,13.74534402,12.82863095,12.3295905,12.97846092,13.24453127,13.11459258,11.24714142,11.38366703
Dortmund,13.61207475,14.06261369,13.34337818,13.71591516,13.58016871,13.85748322,13.23893007,12.80111116,13.22650355,13.78682835,13.05815838,11.43247312,11.27279581
Drensteinfurt,10.57955556,12.45867141,11.45111563,12.98882374,11.86979255,12.55216623,10.85355853,11.30106823,12.04543552,11.81538183,10.78191457,9.600960428,9.251391314
Drolshagen,13.73561425,12.97854883,12.73910277,13.26501585,14.11883947,12.45122066,12.57567402,12.54672795,12.67702934,12.84088047,12.6619477,11.40103444,12.27315106
Duelmen,12.16318229,13.77689015,12.90572017,13.09446875,12.06490862,13.67520028,12.35483665,11.72213589,12.8639053,12.69460843,12.64769744,10.72331723,10.77795407
Dueren,13.16151177,14.21461164,12.29836693,12.59810979,11.97007183,13.76460979,12.67687063,11.82540132,13.76701825,14.1853623,13.84624405,10.66603571,11.32833862
Eitorf,12.24380095,13.26451278,11.5424909,12.33029202,11.00604394,13.50614846,12.98815441,11.68288831,12.46771359,12.35549877,13.07662447,10.69262132,12.0016973
Elsdorf,13.0992525,13.85714035,12.42015053,13.01309062,12.04816305,13.07722563,12.84068875,13.07336282,13.78054873,13.92184413,13.23409162,11.40121245,11.80332326
'Emmerich am Rhein',14.24387828,14.08051245,12.70912844,13.66271576,12.26751687,13.95649083,12.08352244,10.72272297,14.17738827,13.9807767,12.6967885,11.24000655,11.66965121
Emsdetten,13.12830236,13.46585154,12.96657551,13.29504903,12.20800272,13.13929812,12.71659458,11.88630857,13.0249319,13.05483581,13.03705569,10.43757748,11.77773759
Engelskirchen,11.61666748,12.34863592,11.83032888,12.14303762,11.60009709,12.31305825,11.89100728,10.92304854,11.37112864,11.93707888,11.79219782,10.22476456,10.60488592
Enger,15.18302115,14.42781538,14.30349038,14.59441538,13.865975,14.52160769,14.32807885,15.20959615,15.06343269,14.05417308,12.99738269,11.81849808,12.52530769
Ennepetal,12.60987132,12.30783211,12.26922672,12.18945833,11.82932475,12.13590931,11.72503554,10.93259804,11.74836765,12.03790319,12.15658701,10.48801103,11.46545466
Ennigerloh,10.5108677,12.16959915,10.95852151,12.19981058,10.62546182,11.84293459,10.53355249,10.89645028,11.84120916,10.6674489,9.808231058,9.084606255,9.746737865
Ense,14.15476902,14.16663723,14.06402989,14.12485054,13.71921332,13.79311549,13.56093071,13.42788043,12.80418342,13.05331114,13.0921413,11.28498098,12.12867799
Erftstadt,12.11820531,13.28498598,11.41086794,11.89937096,11.04053985,13.12324213,12.1886133,12.3112164,12.44899455,13.0369209,11.99196197,10.48532345,11.16811531
Erkelenz,14.21908765,14.21150701,13.32713374,13.62534725,12.81622072,14.11804858,13.39357431,12.47955405,13.29298483,13.94654493,14.00566196,12.08385301,11.75869201
Erkrath,14.2021348,14.7329902,14.25959069,13.57605637,12.78163725,14.78872794,14.48954657,12.08310784,13.70928922,14.11558578,14.439125,12.67795833,13.12363725
Erndtebrueck,12.23138778,11.90409879,11.27902359,11.80075885,12.62737615,10.88079948,11.37348362,11.4707672,10.94093431,11.24436779,11.1673306,9.961337484,10.78301065
Erwitte,13.67083105,13.75957067,13.63759397,13.40020947,12.36391464,13.36726266,12.5508208,13.74191667,13.00769618,12.80170859,12.37272682,10.90155902,11.63253229
Eschweiler,13.35955269,14.20158574,12.42956198,13.06397831,12.15847934,13.99248244,12.65807748,10.98953926,13.60492769,14.39350207,14.07070558,10.82481095,11.77876343
'Eslohe (Sauerland)',13.10354124,12.79193538,12.50123412,13.04370146,13.17291407,11.44224941,11.7561395,12.49852595,11.52276835,11.27016644,11.25351618,10.62623343,11.48361296
Espelkamp,12.70822517,13.11467857,12.20255371,13.17601367,10.43815234,11.94446889,12.12823284,12.14480483,12.04851535,11.77418973,11.40173744,10.46897238,11.10073298
Euskirchen,11.32977381,13.12639021,11.37702315,11.91034681,11.12949653,13.02272702,11.73419651,12.51481316,12.43219883,13.12995321,12.128979,10.11886152,11.03120949
Everswinkel,11.33107004,13.0756875,12.10793642,12.87443966,12.47711422,13.05291703,11.57178772,11.51091056,12.60134267,12.07252694,11.37721552,10.07040086,10.44785884
Extertal,14.78909664,13.27073214,13.63109244,13.97020903,13.41422164,13.2092416,13.27670798,14.09767647,13.90147689,13.16534244,12.58666071,11.91263235,12.46798529
Finnentrop,13.7500318,13.08490976,12.96571376,13.3340858,13.73364127,12.18422559,12.4358358,12.87621524,12.10905325,11.77629512,12.01259985,10.85495266,11.63265015
Frechen,12.85525678,14.50026334,13.59661279,12.99521994,11.19150814,14.1087118,13.78496429,12.38125429,13.86802509,13.91882753,12.31705764,11.92327034,12.48537161
Freudenberg,13.84144318,13.42462175,12.60416558,13.36226461,12.54240747,12.77687987,13.3011737,11.93862338,12.50287013,12.8524026,12.83407143,10.59195455,12.48179058
'Froendenberg/Ruhr',14.00825125,13.95916482,13.67939304,13.77490929,14.39800446,13.60166321,13.13061214,13.16111125,12.91844161,13.22345661,13.18373143,11.42308607,12.1092525
Gangelt,13.5227105,13.70322857,12.30820735,13.6004395,12.4506334,13.75965735,12.69117269,11.40648866,13.10726807,13.56137353,12.42947038,11.94896975,11.81205609
Geilenkirchen,13.14205556,13.71894352,12.01193704,13.48835185,11.74539167,13.62200556,12.58750463,10.83272407,13.18992963,13.86246759,12.79734167,11.66211204,11.60743426
Geldern,14.15221137,13.04464916,12.02060831,13.31324883,11.99376237,14.08200584,13.1316969,11.81146825,13.53619958,13.59588224,12.60567589,11.6520873,11.58206256
Gescher,13.36000878,13.89371328,12.829018,13.27915351,11.83061506,13.78554061,12.74033641,12.13468966,13.05967713,12.99710959,12.76702319,10.69495003,11.34785815
Geseke,13.11390456,13.06193793,12.81822697,12.56967562,11.07407993,12.59840209,11.81770431,12.85437291,12.31657291,12.164142,11.96919938,10.22411232,11.06304187
Gevelsberg,13.224215,13.4561275,13.424105,13.39524,12.8638775,13.27239,12.999375,11.82566,13.1467025,13.0430975,13.31337,11.4167225,12.7025275
Gladbeck,13.05798881,13.74791045,12.84502052,13.13014179,12.57234142,13.91484888,12.95782836,11.96584515,12.91650746,13.56766045,13.15070149,11.34514925,11.59575933
Goch,14.43989382,14.01653753,12.77764115,13.76715451,12.44253325,13.94602278,12.54069643,10.9757901,13.63230421,14.0323626,13.60575257,11.1349876,12.12285426
Grefrath,13.94639126,13.18850128,12.56526339,13.51728858,12.48558068,14.06512851,13.45328827,12.60789318,13.61782175,13.9378683,13.31088393,12.00624841,12.07895217
Greven,13.55765941,13.72058267,13.47479608,13.53723415,12.45175784,13.58186507,13.09869268,12.38449216,13.41243057,13.38347779,13.22171899,10.91185392,12.09882648
Grevenbroich,14.06896185,14.11448782,13.1456599,13.39935877,12.64358929,13.9376461,13.69812825,12.16872403,13.35774513,13.84076705,13.75192532,11.97193994,11.97102354
'Gronau (Westf.)',14.36335764,14.06363194,13.90746875,14.17236343,13.55930671,14.09826968,13.13110301,12.31020486,13.54207639,13.21788542,13.67371875,11.44655671,12.46474306
Gummersbach,9.328543269,10.44423798,9.868345353,10.22268189,10.00820913,10.26100721,9.481449519,9.092074519,9.432931891,9.921935096,9.414316506,8.382673878,8.257640224
Guetersloh,13.21118218,13.19008113,12.60911994,13.1939264,11.9458686,13.14598978,12.90284961,13.28092888,13.21318291,12.70012376,12.16237077,10.61916846,12.40353881
Haan,13.89022149,14.38509868,13.90654605,13.35583553,12.38598246,14.3873443,14.16096491,11.83458333,13.27440351,13.77845833,14.06236842,12.06437939,13.14322807
Hagen,13.51440826,13.70892708,13.52998631,13.70005744,13.5827215,13.29180506,13.23517076,12.28266585,13.15541719,13.54173839,13.56007039,11.69204643,12.59433884
'Halle (Westf.)',13.5097346,13.41293332,13.05739318,13.58255357,12.80638352,13.06384699,12.82704112,13.49582372,13.42973722,13.04143316,12.64534813,11.12320052,12.77561992
Hallenberg,12.12138143,11.0835125,10.73453518,11.51519018,12.34378482,10.71484268,11.03704429,12.42838661,11.23019304,10.97977964,11.14321571,9.931044643,10.45970089
'Haltern am See',12.25767652,13.95255327,13.19192173,13.2091791,12.48358359,13.73317143,12.77785205,11.79611717,12.88787295,13.06751292,12.69375342,10.92607432,10.92317538
Halver,11.90887405,11.69707347,11.60092462,11.86351622,12.83973187,11.46765363,11.33102099,11.20416508,11.18856489,11.41611355,11.31390935,10.23712691,10.86602195
Hamm,12.58327134,13.37065777,12.4924013,13.71835709,13.16315701,13.49000457,12.54108422,12.90944131,13.03095465,12.79356021,12.15122942,10.62331745,11.07700457
Hamminkeln,14.50639125,13.95534331,12.49341013,13.84798105,12.84363759,13.66938956,12.44813378,11.38851193,13.5705898,13.48598609,13.25318677,11.58496253,12.32858819
Harsewinkel,13.90022211,13.50595577,12.97520308,13.79128887,12.94851867,13.52824743,13.05110481,13.75165266,13.66904505,13.12941853,12.63238014,11.2695873,12.7308799
Hattingen,14.14395374,14.1700374,13.78043799,13.72630709,13.59893307,14.07062795,13.9622874,12.21231594,13.55079035,14.18625295,14.13680118,12.19165059,12.70254626
Havixbeck,13.51330029,14.12093966,13.82770402,13.65621695,13.14435489,13.95651724,13.33892672,12.69883477,13.54023707,13.11305029,13.2482931,10.91275575,12.0550704
Heek,14.29162281,14.28875219,13.94204869,14.24716981,14.08021715,13.99795974,13.24256486,12.73473989,13.44552914,13.25486405,13.68567385,11.1836373,12.3020374
Heiden,12.86910174,13.84222238,12.83246948,13.31180087,12.02341424,13.5322064,12.34610901,12.07789826,12.75425436,12.9030843,12.85709157,10.82165988,11.53657122
Heiligenhaus,15.03119952,14.5508149,14.2120625,13.80914904,13.68904567,14.45189904,14.2451851,12.19370433,14.01796154,14.58345913,14.54094952,12.82502885,13.14282933
Heimbach,10.88114407,10.97035125,10.40101595,10.42694001,9.793259362,10.5155879,10.25391765,10.51817822,10.78324844,12.03338089,11.72425035,9.442188107,9.680162448
Heinsberg,13.64484722,13.62183796,12.25319722,13.60084074,12.68776389,13.83658796,12.70597037,11.77531574,13.04660093,13.52562963,12.41310556,11.996325,11.82721481
Hellenthal,9.173463066,9.560289808,9.401067247,8.981530052,9.608774913,8.866531794,9.12909399,9.54403493,9.040490854,9.741501916,9.845439112,8.280268118,7.825162892
Hemer,13.34912483,12.99582349,12.76631765,13.25767256,13.87036521,12.58102387,12.83460079,12.86071188,12.23960371,12.53198558,12.71823798,11.08346085,12.04255151
'Hennef (Sieg)',12.32056711,13.54040605,11.78808769,12.51006768,11.07476274,14.18482018,13.13749841,12.11156381,13.02322031,12.89870007,13.0675737,11.29411874,12.40867232
Herdecke,13.21303125,13.99662784,13.69540341,14.09290625,13.43342614,13.53421307,13.11398295,11.8360142,13.20045455,13.98341761,13.33117614,11.42666477,11.9517642
Herford,14.6361108,14.26554356,14.2857661,14.36091572,13.50803977,14.47319792,14.27378598,15.14889489,14.95608996,13.69338447,13.15224716,11.73650852,12.61042235
Herne,13.56328765,14.36619578,13.59474548,13.61618223,13.18429066,14.48117169,13.72848494,12.78675753,13.59651205,14.22972741,13.79457078,11.98569729,12.20907229
Herscheid,13.6685314,12.48851629,12.7293697,12.98931358,14.16304925,12.06411538,12.52987892,12.87286362,12.24321605,12.27708752,12.18947527,11.20855632,12.12818407
Herten,12.91814384,13.83276884,12.82665068,12.96794863,12.29496062,13.89610274,12.85685616,11.98422774,12.97043836,13.57443322,13.12919178,11.4553339,11.77492979
'Herzebrock-Clarholz',13.16483724,13.3551291,12.35092491,13.5661291,12.09681645,13.18747951,12.50377078,12.98414066,13.24232889,12.64365354,11.82075278,10.67868589,12.04077854
Herzogenrath,12.48124561,14.19865946,13.17229637,13.53563534,12.37995144,14.12503008,12.67503383,10.61594737,13.14029073,14.20745426,13.07112124,10.72548684,11.77511466
Hiddenhausen,14.05761364,13.8943892,13.95343466,14.11566477,12.83951705,14.17263352,13.87222159,14.6462358,14.59759659,13.31931534,12.40923011,11.22701136,12.03157955
Hilchenbach,12.95776119,12.18664925,11.6968666,12.20285075,12.52451586,11.29826399,11.90023787,11.81648321,11.30744216,11.48008582,11.50941418,9.935814366,11.17947295
Hilden,12.93356563,14.07889375,13.11285313,12.664075,11.57398125,14.3993875,13.96685625,11.37124063,13.03280938,13.607,13.17778125,12.01105938,12.30728125
Hille,13.74022534,13.27432495,12.75770044,13.51897959,12.05343076,12.87437075,12.78939504,13.51412779,13.36877855,12.8831895,12.76128717,11.27903426,11.66946975
Holzwickede,14.20117483,13.9345245,13.5943696,14.01845473,14.62186628,13.88004776,13.55823879,13.37074709,13.6093314,13.77124626,13.3582201,11.82982724,12.44041944
Hopsten,14.17893331,13.89698703,13.95813811,13.92854464,13.28867564,13.95683105,13.1810007,13.86040123,13.68859417,13.24556934,13.41342048,11.4315558,12.47730148
'Horn-Bad Meinberg',14.25904553,12.93246854,13.02306209,13.1178957,12.18682119,12.66361755,12.59144454,13.75420364,13.32963659,12.52752401,12.74985513,11.20459768,12.31986424
Hoerstel,14.14321619,13.86311467,13.83007637,13.69964185,12.97475854,13.54910714,12.95929526,13.50306548,13.86617352,13.68840061,13.48321563,11.28260377,12.38669564
Horstmar,13.03049768,13.52908766,12.90448052,13.20708047,12.70511364,12.92735482,12.68075209,12.16849791,13.14518298,12.49324304,12.80155659,10.39687616,11.44458627
Hoevelhof,13.9832837,12.99106848,13.21526304,13.23156196,11.89018587,12.94395,12.56986413,12.97398804,12.60994674,12.35420761,12.40094891,10.42576957,12.08579674
Hoexter,14.32910642,13.30345103,12.93110835,13.48194344,11.89825444,12.96814011,12.69143996,14.00427109,13.71687565,12.752577,12.95271873,11.32346227,12.36059971
Hueckelhoven,14.19111842,14.21969474,12.91245263,13.86935658,12.78608816,14.31849079,13.35505132,12.06595526,13.81838026,14.23334868,13.55101842,12.19181184,12.23986447
Hueckeswagen,11.51289244,12.15863953,11.81672841,11.75903883,12.29773941,11.91781146,11.45929444,10.91812562,11.34051931,11.4136331,11.29982247,9.885371678,11.07655939
Huellhorst,15.14614165,14.20236366,13.94728475,14.49992616,13.4417874,13.74541771,13.83276496,14.52840396,14.3930041,13.81427317,13.70613924,11.94082794,12.59773263
Huenxe,13.66522672,13.91706555,12.51429566,13.71932505,12.49559539,13.92444812,12.84975723,11.75327441,13.1758941,13.54259324,13.50363698,11.21094247,11.275388
Huertgenwald,10.01697874,10.18757447,9.766307459,9.309427721,8.812200194,10.26876579,9.269609815,9.361786443,9.660433552,10.96796599,10.97318452,8.442761297,8.997612488
Huerth,12.67551136,14.2681179,13.2256321,12.69571449,11.10209801,14.25587358,13.79488352,12.21823722,13.8704929,13.62177273,12.22955966,11.73565767,12.3625483
Ibbenbueren,13.70931989,13.78280778,13.47369232,13.5856561,11.88296726,13.15168268,12.66956332,13.23410755,13.1850077,13.39660345,13.12176252,10.78465651,11.91668134
Inden,13.14022951,14.00321107,11.74662705,12.30905328,11.41260656,13.26181148,12.35344467,11.12734221,13.24553689,13.96514754,13.5677418,10.68357992,11.27920902
Iserlohn,13.53659332,13.62804579,13.25878938,13.61967134,14.17422619,13.1422293,13.20564817,12.64572399,12.70292729,13.15555357,13.1435359,11.4997533,12.35354936
Isselburg,14.3800744,13.65247646,12.46186282,13.28643669,12.74530736,13.43839989,11.65190503,11.42952814,13.48610065,13.30529275,13.25367478,11.5919651,12.11085011
Issum,13.81939583,12.88153016,12.00173433,13.19164901,11.71843571,14.0889129,13.11105556,11.43668968,13.06032639,13.56332817,12.7140006,11.25827083,11.3448621
Juechen,14.02491479,14.13607719,13.23669151,13.48981735,12.75615087,14.03419066,13.62234111,12.35314342,13.25516479,13.83298172,13.92559871,12.00136811,11.81855638
Juelich,13.3502588,14.10106315,11.8905132,12.59185365,11.28091731,13.04439441,12.50760999,11.46360481,13.45038276,13.73008851,13.10706211,11.05821817,11.38992469
Kaarst,14.12088477,14.04265625,13.32108789,13.40175391,12.50141406,14.00936719,13.60754102,11.74233789,13.65910352,13.88328906,13.79651953,11.98518945,12.06658984
Kalkar,14.78239039,14.27250456,12.91019483,14.03179138,13.02835542,14.24354865,12.80954692,11.36271626,14.10623596,14.06412131,13.41390603,11.97220259,12.64498929
Kall,9.965384813,10.49626754,9.856553732,9.698008044,10.00792294,9.825143822,10.03117986,10.21146075,10.03122297,10.68297169,10.54030309,8.846363578,8.39815444
Kalletal,14.63309641,13.34921527,13.62995169,13.99737938,13.02228133,13.32382176,13.21554426,14.0123532,14.01242485,13.0447282,12.58293416,11.58133326,12.13582756
Kamen,13.73502939,14.12064444,12.96336777,13.89261257,13.66884448,13.99997378,13.48106058,13.12097084,13.78888675,13.71893897,12.96254611,11.63682798,11.89716252
'Kamp-Lintfort',13.23198151,12.75361081,12.09924378,13.23271955,11.65928253,13.79862946,12.78087835,11.16698039,13.07715928,13.29419675,12.81025893,11.4112111,11.22755788
Kempen,13.91202792,13.2572125,12.80405617,13.02201899,12.15119821,13.82109951,13.42948636,11.78902825,13.20173669,13.50431364,13.06984935,11.58943896,11.8803625
Kerken,14.0373834,12.67779727,12.50289454,12.57662521,11.26743235,13.78636681,13.38615672,11.34262605,13.19488761,13.58530063,12.55306786,11.3167229,11.25206807
Kerpen,12.75971077,13.82814567,12.29156922,12.61917817,11.30444673,12.94113784,12.77104374,12.25323415,13.48806079,13.63629775,12.49426204,10.81417566,11.71064908
Kevelaer,14.134617,13.13995062,11.87306268,13.41469889,12.01667414,14.06579877,12.82676946,11.80252512,13.80847352,13.68518571,13.02852315,11.67324483,11.7920697
Kierspe,11.86280865,11.49715949,11.41039321,11.6990625,12.60028519,11.21946761,11.0708139,11.13503887,10.92869853,11.19220343,10.84164653,10.07472497,10.52283561
Kirchhundem,12.98189269,12.16035089,11.69126274,12.25771339,12.81314407,11.23116112,11.73601956,11.5774957,11.13960024,11.173328,11.28874968,9.763618101,10.97962005
Kirchlengern,14.57415341,14.20849432,13.99723864,14.23151326,13.03663258,14.03525568,14.13754924,14.70429545,14.66370644,13.58566098,12.90823106,11.61695076,12.32621023
Kleve,14.45292604,14.11726581,12.93132083,13.93499578,12.91944932,14.05352232,12.28955864,11.07224771,13.8528306,14.05839382,12.97731552,11.16405562,11.65472044
Koenigswinter,12.84174729,13.796009,11.99901514,12.882465,11.89088,14.31166614,13.250403,12.21003414,13.64160771,13.56665529,13.17014357,11.85610214,12.85665843
Korschenbroich,13.90112425,13.89268741,13.39445075,13.46363628,12.56496861,14.10674549,13.63123891,12.09596147,13.5307985,13.83573609,13.81202707,12.08790132,12.18393571
Kranenburg,13.91681188,13.63668193,12.43889975,13.44140965,12.55618688,13.51823886,11.81886634,10.71208787,13.16369678,13.59981436,12.79853094,10.60658168,11.05107054
Kreuzau,11.89437568,12.96997943,11.53606894,11.87020163,11.1007873,12.9817552,11.74343377,11.35075882,12.57362455,13.50458838,13.04996858,10.22545005,10.85260059
Kreuztal,13.771866,12.908815,12.249614,12.940827,12.067767,12.221148,12.856686,12.476986,12.168365,12.238748,12.434525,10.452649,11.990826
Ladbergen,13.02827668,13.49088655,13.35446197,13.29379811,12.16529643,13.33754895,12.95056029,12.99289979,13.57352815,13.45967143,12.99688697,10.91094328,11.99267857
Laer,13.23492887,13.63959443,13.14526362,13.35428632,12.73398487,13.29945188,12.82126574,12.22834383,13.10235018,12.62864952,12.72049697,10.32579479,11.41966435
Lage,14.812579,13.69918129,13.933249,14.06809686,13.57887786,13.88318514,13.51352014,13.99216829,14.06297257,13.32642571,12.97897271,11.70140857,12.48081686
Langenberg,13.81293031,14.10465526,13.88047743,13.87117783,12.72756721,14.14774578,13.77877555,15.22149479,13.90832887,13.71905308,13.38515352,11.46675174,12.59574628
'Langenfeld (Rhld.)',13.01257955,14.04575758,13.43286742,12.83457386,11.71092235,14.30342614,13.87891856,11.0873428,12.90849432,13.44995455,12.67763826,11.59356818,11.37176705
Langerwehe,12.00805263,12.68871382,11.27791776,11.41524013,10.79209375,12.71862007,11.29882895,10.2945625,12.1053898,12.98630099,12.79533882,9.667,10.27835855
Legden,13.06340917,13.56794952,12.48820392,13.12399074,12.58543474,13.16528131,12.24540961,11.76044709,12.68638757,12.22624647,12.62365829,10.44851962,11.06921649
Lemgo,15.54755861,13.87764412,14.36331742,14.40319185,13.96447802,14.01806616,13.96833082,14.5371685,14.68516277,13.63639034,13.53707303,12.12650561,12.83196658
Lengerich,13.08891596,13.517253,13.53531943,13.29564748,12.14378784,13.1156461,12.98946204,13.38975,13.46030557,13.40145742,12.93100987,10.99989036,11.91870529
Lennestadt,13.39992934,12.73819942,12.35289021,12.90620617,13.57584945,12.01978383,12.25093353,12.44027956,11.7782418,11.3830892,11.75908143,10.36916276,11.24671702
Leopoldshoehe,15.24863345,13.98317905,14.31936993,14.18472466,14.01812162,14.25389189,13.97630574,14.8537652,14.72889358,13.80205574,13.55483784,12.17662162,12.75460642
Leverkusen,13.6882314,14.49900413,14.29807025,13.42123155,12.49423377,14.6052745,14.27619599,12.10521576,13.34265142,13.86725945,13.3194116,12.39039227,12.3554479
Lichtenau,11.59850903,11.26919162,10.79951061,11.24754725,9.667731089,10.89592126,10.32508408,11.36174605,10.80353558,11.2807788,10.74690123,9.008068002,10.43778077
Lienen,12.64993968,13.64105992,13.72500357,13.35035774,12.6935254,13.18538532,12.92933135,13.76625734,13.68860218,13.44507222,12.9405994,11.36288452,12.14207976
Lindlar,10.57108485,11.4700219,10.92911861,11.1594708,10.78240146,11.42665237,10.90640693,10.23499544,10.66265511,10.89672993,10.88720255,9.189080292,9.707648723
Linnich,13.6532156,14.21645872,12.23326376,13.23456881,11.70558486,13.76307454,12.87062729,11.37799083,13.64081537,14.13367775,13.49159862,11.60240367,11.77984289
Lippetal,12.02275146,13.05692092,12.28595208,13.00690005,11.45639796,12.78788493,11.72357863,12.11134903,12.41644925,11.65051922,10.37436735,9.608475856,10.72561215
Lippstadt,14.45290632,14.67332432,14.68873962,14.14702464,13.46698524,14.38755826,13.9302922,15.10082013,14.02481175,13.72590762,13.50082043,11.73761991,13.09087919
Lohmar,12.29424877,13.29237377,12.40119363,12.40703431,10.93246814,14.11950613,13.20774632,10.89694363,13.07976593,13.31004044,12.75322794,10.7773701,12.26249265
Loehne,14.43810787,14.22349581,13.96685441,14.39744807,13.35857307,14.19089012,14.07510149,14.63630485,14.64370864,13.78811079,13.33361224,11.66433273,12.21327587
Lotte,12.84254155,13.85471246,13.42644133,13.56719497,11.57031523,13.07328571,12.55454264,13.24082471,13.07298725,12.46680321,13.26163739,11.1998371,11.59705904
Luebbecke,14.51464854,13.83537419,13.34675032,13.99641623,12.5987724,13.18748929,13.17267825,13.5850487,13.67283003,13.23475714,13.12022873,11.58726883,12.19933312
Luedenscheid,13.55714507,12.7726542,12.81324804,13.17069539,14.2416933,12.51602112,12.84629679,12.74156739,12.53346898,12.74363608,12.79977789,11.488,12.43191228
Luedinghausen,11.96671488,13.97550655,13.32784167,13.59735,13.14829048,13.84167798,12.41302917,11.84184881,12.92932976,13.00621845,12.68254405,10.86954643,10.20257619
Luegde,14.48788527,13.39124732,13.1590308,13.47415491,12.18480179,12.74136548,12.87663438,13.98579881,13.83092232,12.96276756,13.0814375,11.4423433,12.5834564
Luenen,13.66229773,14.15245341,13.51617159,13.57085455,13.47933864,14.02586023,13.30541705,13.04187955,13.52403295,13.52300227,12.90600455,11.30383636,11.31057273
Marienheide,8.344948925,9.365052419,8.872986559,9.316111559,9.344866935,8.994380376,8.336489247,8.540986559,8.384956989,8.899314516,8.288783602,7.707681452,7.239307796
Marienmuenster,14.50282901,13.41385731,13.0248809,13.47907665,11.99209788,12.84919575,12.72864033,14.10470283,13.77998231,12.76455896,13.00796934,11.40846934,12.45390684
Marl,12.94176563,14.07937776,13.37048319,13.41490717,12.67553834,13.92608705,13.10313143,12.02898385,12.84536082,13.51707721,13.10400263,11.32806539,11.46876379
Marsberg,12.78883305,12.28569955,11.53582745,12.56206172,11.35317319,11.72474915,11.40418495,12.36964711,12.03052296,12.332437,12.12273094,10.64182554,11.30409814
Mechernich,10.47327734,11.76299052,10.60864098,11.13662073,10.29995284,11.07565918,10.74451008,11.01011381,11.16028495,12.09604725,11.49794797,9.522225051,9.740204631
Meckenheim,11.95286607,14.00463036,12.52957143,13.0603,11.89000357,13.72653393,12.65724107,12.8135375,12.72352679,13.5800375,12.95642143,11.4833875,12.04347321
Medebach,11.60790311,11.2094068,10.95690311,11.54023521,12.01432544,10.53984246,10.86080104,12.17336908,11.09077071,10.71733432,11.04929512,9.897783284,10.01074926
Meerbusch,13.49424887,13.97336261,12.86959009,12.92318806,12.2381509,13.55576689,13.24700901,11.53366441,13.63486599,13.51539977,13.27294032,11.7405518,11.85093018
Meinerzhagen,12.73432476,12.09625285,12.00972508,12.39584812,13.63263285,11.52800265,11.69957104,12.12415885,11.78129886,11.82142779,11.45614973,10.66452688,11.42371586
'Menden (Sauerland)',13.71207037,13.84925648,13.5243537,13.65594259,13.9369463,13.51785741,13.3637463,13.33790185,12.78032778,13.14014537,13.37083241,11.26159444,12.07615463
Merzenich,13.25631201,14.47003701,12.24838864,12.91185682,11.84575065,13.46015195,12.95861201,12.43448149,14.24098701,14.02533019,13.68891656,10.92736623,11.78992955
Meschede,13.33669387,12.85929829,12.40516099,12.99068647,12.8148266,11.83430329,12.27340409,12.70588707,11.94106614,12.09051702,12.11057249,10.95819009,11.78605101
Metelen,13.95070772,14.02405515,13.64716544,13.8601011,13.77959559,13.79033824,13.40133824,12.86836397,13.47859559,13.18718934,13.5905625,10.92489522,12.32694669
Mettingen,14.15366468,13.99814626,13.7898801,13.93902154,12.54596967,13.55188832,13.13360941,13.86634977,13.27128005,13.27914257,13.79715646,11.56342063,12.19763464
Mettmann,15.24873732,14.90011232,14.77713225,14.10069565,13.83859239,14.7555,14.75220109,13.12790036,14.08571196,14.43492029,15.121125,13.14482971,13.65078261
Minden,14.02896358,13.37524882,13.26499681,13.69590977,12.33796653,13.34887405,13.13886258,13.63789924,13.71166213,13.32418212,12.78609567,11.55230085,11.77449799
Moers,12.63765278,12.69394338,12.31826389,13.05540385,11.91513675,13.76044765,12.82382265,10.98724679,13.03271047,13.09387073,12.99355449,11.39609615,11.06757479
Moehnesee,13.66457006,13.45288622,13.27660129,13.52838437,12.39539374,12.91446419,12.79549073,12.86892681,12.52417408,12.64910412,12.46755699,10.83000849,11.83602098
Moenchengladbach,13.78810437,13.86281292,13.02725228,13.48840885,12.44618196,14.16306451,13.36102519,12.06607911,13.08973844,13.73967283,13.48050706,11.82555516,11.62757295
'Monheim am Rhein',13.29259091,14.2026875,13.54296591,12.67911364,11.54772443,14.22297443,13.82567898,11.03017898,12.88296023,13.50690625,12.20289205,11.39643182,11.32331818
Monschau,10.1755121,11.15470867,10.47930141,10.3925746,10.4553256,10.50809375,10.05920262,10.04718952,10.69850504,10.8070121,11.24639415,9.632083669,10.02190323
Morsbach,14.11397138,13.58717926,12.32686035,13.43021841,12.54672024,13.2972658,13.33837889,11.91398695,12.53948741,13.47217147,13.23915888,11.16883265,12.40373558
Much,13.18367647,13.78457353,13.15034349,13.34359349,11.65947584,13.87480672,13.7612458,12.42776891,13.47778782,13.5792395,13.68780672,11.61507038,12.51069538
Muenster,11.67717398,13.64087719,13.18881423,13.20768076,12.46191295,13.52315688,12.28887218,11.63727986,12.87769053,12.66175147,12.09244896,10.42147983,10.76546429
'Nachrodt-Wiblingwerde',13.29670472,12.98358546,12.77469037,13.24831983,14.19628093,12.59529911,12.85805517,12.44381856,12.51582526,13.04247736,13.01928635,11.62250542,12.43209088
Netphen,12.92369336,12.71457379,11.8994312,12.8585744,13.11793269,11.8577184,12.32958929,12.3718448,11.98020518,11.94306162,12.14764933,10.32176059,11.76581836
Nettersheim,9.690296335,10.37659376,9.653678066,9.918938064,9.788771008,9.998360255,9.781664683,10.24598417,9.791512683,10.74516966,10.52473732,9.00647763,8.928001829
Nettetal,13.67723941,12.78684428,11.66481144,13.43445975,11.64237712,13.98408475,13.07331674,11.6613178,12.92263453,13.78395975,12.85264936,11.27589513,11.38417267
Neuenkirchen,13.44342073,13.38039939,12.86263872,13.40623628,12.39164787,13.10597256,12.33182165,11.67060518,12.7729497,12.53253506,12.5913003,10.1814497,11.4800625
Neuenrade,12.98696371,12.77931048,12.74547043,13.22757258,13.5323871,12.38678091,12.79452419,12.96351882,12.37873118,12.41779032,12.50717473,11.31411156,11.9664328
'Neukirchen-Vluyn',13.10666169,12.66507632,12.39583317,12.92978302,11.7620592,13.61958659,12.90880235,10.90137353,13.25117466,13.11184638,12.7667566,11.40400098,11.27676027
Neunkirchen,13.1579254,13.32725403,12.35977621,13.02780444,13.03473992,12.85158871,13.2034496,12.35727218,12.75333065,12.98970161,12.70659476,10.71258065,12.5136371
'Neunkirchen-Seelscheid',12.68277174,13.5545231,12.86674592,12.90404076,10.86245516,14.11298913,13.76873641,11.71814266,13.3607962,13.55985054,13.43773234,11.34525136,12.52136549
Neuss,14.02478607,14.05620638,13.19350755,13.28491695,11.9317307,14.02585487,13.53550084,11.41592198,13.3533599,13.84937416,13.52541946,11.76243205,11.5667953
Nideggen,11.40939771,11.74196068,10.83472384,10.73619596,9.85333537,11.38467293,10.64465429,10.80679449,11.3562359,12.52940758,12.25166118,9.737581767,10.18904026
Niederkassel,12.73251423,14.00248214,13.11857924,12.63276283,11.79547684,15.07399107,13.91392718,11.68891183,14.44939063,13.82216127,12.78379464,11.77749191,13.0626716
Niederkruechten,13.73747477,12.90010665,11.25022133,13.63763991,11.46483945,14.11989335,12.89048739,11.0175539,12.96738761,13.76749771,12.71847018,11.34237271,11.5323945
Niederzier,12.93488467,13.93128342,11.91182716,12.53414925,11.39276507,12.96209764,12.67409682,12.2791866,13.55912975,13.91541202,13.39336075,10.98327113,11.60801556
Nieheim,13.91079851,13.26796362,13.25094403,13.45766138,11.77305597,12.83484981,12.56522015,14.1633778,13.61145429,12.64121549,12.84919403,11.23777052,12.36726866
Nordkirchen,12.28462043,13.72294839,13.2457537,13.55582252,12.790625,13.68779225,12.18827548,11.93547496,12.52826437,12.69595231,12.13111564,10.49664874,9.269519164
Nordwalde,13.75072321,13.77952489,13.50054806,13.59754939,12.81517591,13.677159,13.1934356,12.63409688,13.53435106,13.02802831,12.96353495,10.62082181,11.92476672
Noervenich,12.79481818,13.94220351,11.81373347,12.42872417,11.57719318,13.26320455,12.45202273,12.21687293,13.42703926,13.84510124,13.03963326,10.36234814,11.29539463
Nottuln,12.35570594,13.55930036,12.80068165,13.07201079,12.09304946,13.27555216,12.22228867,11.53126169,12.59276888,12.28974101,12.56425809,10.34423471,10.5753759
Nuembrecht,13.65352361,14.0250273,13.19361688,13.59223819,11.8013173,13.6439147,13.54027656,12.0937866,13.31828335,13.54717754,13.68931464,11.56519333,12.4552559
Oberhausen,12.91823047,13.01995215,11.84952441,12.34837207,11.87783691,13.787375,12.97010352,10.70216699,12.56493652,13.47242773,13.02087207,10.95148535,11.03710352
Ochtrup,13.95022204,13.82526844,13.55173367,14.0062769,13.20543597,13.89708188,13.00039133,11.81003654,13.00464016,12.69391894,13.27307237,10.66764403,12.13147909
Oelde,12.10602469,12.94224647,11.85830567,13.12879641,11.01758146,12.90222707,11.85462313,12.57494389,12.78475518,12.22594841,11.21678748,9.825847773,11.18144907
'Oer-Erkenschwick',12.4450082,13.90029098,13.13228893,13.23266393,12.69847746,13.76965164,12.86876434,11.77656762,12.773875,13.1868832,12.62012295,10.7856291,10.80567623
Oerlinghausen,13.5656875,12.75992888,12.67873707,12.9637306,11.91150216,12.6712694,12.33484267,12.93477586,12.69620043,12.52624569,12.21485776,10.77566379,11.88833405
Olfen,11.97826149,14.2100977,13.329875,13.58679023,13.39670546,14.11020546,12.66216523,11.93923707,13.06701868,13.04350575,12.94560201,10.83523563,10.46646983
Olpe,13.95875815,12.86496014,12.61613315,13.23711594,13.92674728,12.19276449,12.5492346,12.93920924,12.52917482,12.40545743,12.46206884,11.18216304,11.9392654
Olsberg,12.19622481,11.87010792,11.28449894,11.99209334,12.17948407,11.04708456,11.60215801,11.62840425,11.25061062,11.48712876,11.52409044,10.30507133,11.30444469
Ostbevern,13.18085371,13.97298832,13.93014547,13.66167596,13.61807679,13.87176305,13.29100989,13.55018874,14.10675151,13.62546525,13.47854052,11.70093338,12.46222816
Paderborn,12.33122626,12.27605098,12.18983049,12.2020986,10.46662888,12.15046849,11.51269326,12.08965392,11.7854892,11.74785663,11.49979096,9.545835339,11.06653306
Petershagen,11.77170037,12.38874204,11.78379401,12.80125328,10.36552575,12.44192369,12.22173221,12.19558755,12.54276498,12.04228043,10.58103511,10.64839139,11.20252294
Plettenberg,13.75971927,13.05302516,13.1962071,13.47176925,13.75253676,12.6428801,12.9399651,13.09787917,12.57133929,12.59374165,12.60121742,11.31421417,12.03374269
'Porta Westfalica',14.77798673,13.66850157,13.94610871,13.88381045,12.60173685,13.66587693,13.32421996,13.70140987,14.03371356,13.68275603,13.10908,11.82935244,11.98083289
'Preussisch Oldendorf',14.69206232,14.18560312,13.44157108,14.18986397,12.7626159,13.56809191,13.51984349,14.15613743,13.65085364,13.03912938,13.14589636,11.72735697,12.12246131
Pulheim,13.24146354,14.73109747,14.16409018,13.0753369,11.50781905,14.52088318,14.01215387,11.83752068,13.79062024,13.89002009,12.50893378,12.04407113,12.34522515
Radevormwald,11.26219554,11.2350297,11.01636015,10.9628651,11.35351609,10.93162252,10.46813119,10.08902351,10.34444554,10.76220297,10.59149629,9.457842822,10.1548552
Raesfeld,13.65564382,13.86660887,12.72234543,13.56317876,12.6177836,13.61988441,12.49599866,11.93189785,13.17851747,13.17495968,12.94300134,10.91995833,11.3362043
Rahden,13.13778997,13.17814768,12.8117398,13.03159221,10.83380499,12.06257218,12.40887897,12.26312188,12.33485516,12.37455253,11.90642451,10.53978581,11.43997109
Ratingen,14.35664685,14.43713199,13.83941783,13.36918881,12.92141521,14.33542483,14.14758741,11.76573601,13.87184353,14.13048339,14.16620017,12.49139073,12.62743357
Recke,13.83084833,13.74492541,13.58110669,13.54966885,12.20151808,13.48041162,12.74002758,13.36831804,13.22937477,13.11529769,13.21501175,11.04686189,12.01232618
Recklinghausen,13.01437972,13.87516156,13.06376061,13.05788797,12.48669222,13.9101816,13.06270401,12.22304009,13.05379835,13.47367689,12.93748349,11.17600708,11.51759434
Rees,14.69549339,14.16062304,12.589439,13.79904913,12.76327312,13.96118869,12.34565411,11.28286953,13.79971109,13.74738408,13.18228344,11.84228819,12.44284393
Reichshof,12.55728261,12.66775353,11.82065986,12.5332685,11.91361473,12.26443787,11.8958256,10.88212928,11.56150652,12.20262275,11.9736621,10.17595873,11.28689885
Reken,12.467873,13.748236,12.696149,13.038746,11.557797,13.590577,12.376112,11.879891,12.64371,12.577597,12.867467,10.999042,11.136071
'Rheda-Wiedenbrueck',12.95423365,13.34608324,12.53892706,13.44633255,11.87584121,13.28092981,12.72671236,13.50161387,13.21815852,12.7869761,12.07539464,10.5905978,11.8822489
Rhede,13.6743916,13.70384082,12.3818623,13.46405859,12.15477051,13.46074707,12.06459961,11.26723828,13.09718262,13.10392676,12.8388623,11.03069238,11.88525879
Rheinbach,11.13147987,13.67532097,12.09470127,12.49531038,11.43137606,13.60536653,12.25234216,12.56480508,12.64507521,13.42072775,12.45319492,10.86568962,11.71299258
Rheinberg,13.29108854,13.45997917,12.27441771,13.55083333,12.30051354,14.20460417,12.99790625,11.54908021,13.63090729,13.61112292,13.16313438,11.58842708,11.15829792
Rheine,13.62606653,13.52815187,13.14129709,13.37552784,12.17988874,13.25462071,12.49114872,12.25499597,13.109118,13.04615397,12.9357549,10.58331784,11.66501296
Rheurdt,13.91910483,12.83377447,12.6134838,12.84387765,11.64296925,13.79637963,13.25324868,11.2152295,13.24154001,13.43133896,12.91069048,11.48453142,11.54749702
Rietberg,14.11430047,14.01277507,13.96491803,13.73616415,13.29342358,13.85724845,13.59810736,14.27200743,13.63442114,13.20047804,13.25755779,11.35416027,12.73454148
Roedinghausen,15.3963263,14.53503734,14.24483766,14.67943279,13.80651786,14.21142792,14.29539481,14.90634643,14.58827662,13.78817857,13.49600682,11.9395711,12.55674545
Roetgen,11.83361364,11.72507955,11.39946818,11.27793636,11.40013864,11.77719318,11.34126591,11.28515682,11.47538409,12.13986136,12.72890455,10.48800682,10.83520455
Rommerskirchen,13.98545589,14.25873143,13.43119536,13.36074929,12.53751393,13.9912075,13.80460286,12.20137768,13.20903071,13.77520286,13.47676125,11.99342554,11.79810161
Rosendahl,11.71496715,12.99622997,11.62465385,12.29340785,11.02903365,12.43580208,11.49621234,10.75965785,11.95535817,11.38680128,11.81449038,9.669737981,10.02914263
Ruppichteroth,12.61319485,13.69240196,12.61568137,13.05116912,11.01204289,13.92886642,13.65237868,12.16922549,13.19335417,13.30157966,13.64643015,11.39270588,12.54051838
Ruethen,12.23197255,12.21035691,11.72839679,12.11449544,11.02302234,11.45546499,11.34598859,11.86267086,11.83538169,11.84042015,11.32720736,10.17861863,10.940684
Saerbeck,13.53409777,13.5895297,13.33076856,13.45824752,12.37041955,13.31693193,12.91930074,12.56834653,13.47917203,13.53002723,13.24372153,10.82815594,12.08017203
Salzkotten,13.79741211,13.64847646,13.4210849,13.17268964,11.73346877,13.44484318,12.96589136,13.52103132,13.27658889,12.89233549,13.0225824,11.02884956,12.01814206
'Sankt Augustin',12.59372708,14.03985625,12.92326042,12.8774125,11.8953625,14.88335208,13.75354792,12.03954167,14.06229167,13.63730208,13.13923958,11.986325,12.94963958
Sassenberg,13.7635,13.61531957,13.08947283,13.93369565,13.6761663,13.75830217,13.19206957,13.71021957,13.82951957,13.2443913,12.76222717,11.45121522,12.56564783
Schalksmuehle,13.20892697,12.80680304,12.56528811,13.05198614,13.41858049,12.56025426,12.7635088,12.36695709,12.64607436,12.91888353,13.0799912,11.57580251,12.45242138
Schermbeck,13.36172571,13.79156,12.68045286,13.53025357,12.28475286,13.52008,12.45910143,11.558705,12.8566,13.161195,12.94203286,10.90252857,11.020475
'Schieder-Schwalenberg',15.15401622,13.85038647,13.97014663,14.06077834,13.05033159,13.43223591,13.40070609,14.91108568,14.34681193,13.56595364,13.75095937,12.00637189,12.93732471
Schlangen,12.38707585,11.72664209,11.64903098,11.66223397,10.03601816,11.47854915,11.00617949,11.32739957,11.11603526,11.36076816,11.10628312,9.311465812,10.92693483
Schleiden,9.198642364,9.833735103,9.423945245,9.199930446,9.131442778,9.342965568,9.066291634,9.403675118,9.216625888,10.27704094,10.1921836,8.398559886,7.985692482
'Schloss Holte-Stukenbrock',13.48253941,12.53617793,12.53199437,12.76255631,11.07409122,12.47201914,11.90207545,12.1179009,12.14324887,12.08010473,11.55038964,9.920920045,11.57098311
Schmallenberg,12.11902282,11.59677223,11.13223304,11.64507464,12.72312766,10.52797452,11.20495174,11.34656355,10.71000017,10.79341037,10.77961952,9.623038541,10.57433813
Schoeppingen,12.72933715,13.44450641,12.49240415,12.86395696,12.34116087,12.68224542,12.24379808,11.9268869,12.70251999,12.08681639,12.58733288,10.21016041,11.17503053
Schwalmtal,13.84788942,13.35748558,11.92984776,13.48272756,11.87596955,14.20951442,13.16579167,11.64653205,12.99399038,13.86302885,12.95467468,11.37297276,11.22318269
Schwelm,14.48258841,13.7290061,13.85390244,13.66637195,13.31762195,13.68671951,13.45146037,12.32768902,13.09464329,13.33814634,13.83596951,12.01564939,12.94961585
Schwerte,13.95956466,14.36192098,14.00838649,14.19331034,14.3579023,13.88401437,13.78557328,12.92526724,13.30112787,13.92313793,13.58884483,11.93497557,12.39914943
Selfkant,14.06506122,14.29482143,12.96738265,14.24250765,13.1037602,14.38853827,13.34717857,12.05244898,14.112875,14.07682653,12.94712755,12.4741352,12.45222449
Selm,12.89522821,14.12933257,13.48222706,13.73933028,13.49602408,14.13805161,12.93955619,12.69086124,13.10265023,13.27397018,12.79593463,10.93507913,10.28586239
Senden,11.24530408,13.62810806,12.69532745,13.36271418,12.22101418,13.32137867,11.81124765,11.09929898,12.55880643,12.55006296,12.00091837,10.43830959,9.922984694
Sendenhorst,10.82116266,12.82356341,11.66390308,12.95507842,12.32023874,12.87198784,11.11511775,11.53930215,12.48261426,11.91145859,11.062386,9.789740295,9.881553183
Siegburg,11.8535599,13.47749219,12.40046875,12.39335938,10.75672917,14.52119531,13.18485938,11.23767708,13.44634115,13.32360156,12.81141406,11.29748177,12.32529688
Siegen,13.72993264,13.64718819,12.86911736,13.53332153,12.64764236,13.04712639,13.49442153,12.22850347,12.80778056,12.83813958,12.98939375,10.63163264,12.56577708
Simmerath,9.878565989,10.09498789,9.842198686,9.658661741,9.533576252,9.950437603,9.490371511,9.615911946,9.567436166,10.53204218,10.93491092,8.973749384,9.23153869
Soest,15.07717804,14.76727425,14.62338659,14.41163993,13.7863197,14.37238353,13.88656557,14.29414086,13.8977444,13.99593963,13.54507356,11.89776479,12.55336394
Sonsbeck,14.17616308,13.25648287,11.85274745,13.47735259,12.12980849,14.17973305,12.88513466,11.5987254,13.58976931,13.62834275,13.15761425,11.65629063,12.21856687
Spenge,15.15257341,14.30310317,14.08152381,14.45683929,13.86661905,14.21097421,14.04935317,14.97350595,14.60019444,13.92096429,13.01995437,11.74375198,12.47354167
Sprockhoevel,13.76173377,13.72462013,13.74103247,13.67236039,13.5365763,13.67679383,13.52356006,12.32769481,13.02103247,13.51193182,13.85435877,11.9598474,12.75896591
Stadtlohn,13.616733,13.739508,12.786875,13.363821,11.973685,13.60348,12.784766,11.878275,12.831788,12.882885,12.522601,10.403907,11.339728
Steinfurt,14.03618021,13.82313807,13.58970098,13.82782901,13.75301599,13.72813037,13.35419666,12.95412675,13.54408847,13.31690873,13.45677323,10.90644841,12.17222421
Steinhagen,12.71750482,13.19493071,12.51228982,13.23758875,11.52761982,12.93941321,12.72702179,12.92758768,13.04497482,12.87427518,12.12252875,10.53313357,12.56946518
Steinheim,14.43764632,13.44714535,13.49406589,13.62988857,12.33011337,13.08615019,12.90677519,14.2383595,13.86614632,12.80616764,13.13304457,11.47974225,12.67406977
Stemwede,12.69839669,13.00379683,12.4761693,13.06241278,10.57784128,12.00839063,12.05756223,11.90779897,12.15641524,12.03206622,11.7598658,10.47783377,11.19043524
'Stolberg (Rhld.)',11.28875802,11.68567626,11.1029344,10.94899964,10.43074745,11.81701093,10.6049881,10.00091837,11.36920214,12.25237451,12.25803486,9.488288022,9.9759112
Straelen,14.32360558,13.1267949,12.95590777,13.35594175,12.26634951,13.91498544,13.47502184,12.66987257,13.6128034,13.92760922,13.09602913,12.00402306,11.97224029
Suedlohn,13.77386964,14.053325,13.04078036,13.62046607,12.26994464,13.83123929,12.87178929,12.26650536,13.24853571,13.19380714,12.83675179,10.88205,11.77071786
'Sundern (Sauerland)',13.33917896,13.03973921,12.68352788,13.33338309,13.30826124,12.04651754,12.5604429,12.64558138,12.0352527,11.88673696,12.1823795,11.00835027,11.90440468
Swisttal,10.66686469,13.00183247,11.07323067,11.37856701,10.81392139,13.3313518,11.8383866,12.0782616,12.36752448,12.76923454,12.08499227,10.40488918,11.1826482
Tecklenburg,13.59127581,13.76692272,13.62486224,13.59332023,12.0068744,13.21760144,12.93465261,13.44171999,13.48270093,13.4184919,13.34027071,11.03122299,11.93380417
Telgte,12.16024223,13.90321842,13.44074769,13.46722704,13.36786212,13.67133977,12.5061363,12.07591606,13.39373773,13.13053049,12.5943122,10.99758054,11.73971708
Titz,13.77478842,14.34301594,12.83099219,13.34978109,12.48574155,13.75960507,13.26244818,12.67195759,13.42321939,14.01143383,13.77851722,11.86565402,11.67157302
Toenisvorst,13.59830472,13.58164125,12.79854419,13.23054785,12.79659684,13.73969116,13.20062569,12.34804258,13.3940506,13.59623558,13.23202587,11.8822413,12.13484295
Troisdorf,12.39587938,13.54043978,12.65115564,12.42600735,11.4141847,14.76697269,13.49951173,11.23792227,13.87703081,13.59182108,12.62823127,11.34576576,12.71276261
'Uebach-Palenberg',12.76882292,14.07527865,12.88253125,13.771875,12.06030469,13.67367969,12.74140885,10.8115651,13.47103906,14.2920026,13.29864323,11.39608073,11.89663281
Uedem,14.89667069,14.16170501,12.87884401,13.88647339,13.00891141,14.32364898,13.19528676,11.86250788,13.9083827,13.92959121,13.83315144,11.99326103,12.62036362
Unna,14.23961558,14.1995976,13.60998288,14.01347945,14.35088527,13.99913955,13.49297517,13.39836301,13.57560959,13.76854709,13.42210531,11.77237243,12.28197346
Velbert,14.75609968,14.15838231,13.78744351,13.61595227,13.43626331,13.88930341,13.8710638,11.74409886,13.50446039,14.20761477,14.17152711,12.35673539,12.88732646
Velen,13.22044402,13.80602847,12.82886422,13.28473874,11.86502494,13.68540878,12.52416892,12.13154022,13.18227333,12.97834636,12.85902059,10.80655357,11.39872748
Verl,14.17562173,13.46612277,13.54335253,13.42429985,12.78769762,13.38680818,13.19233259,13.74208155,13.37451667,12.80736935,12.73419509,11.02197649,12.68515357
Versmold,14.46313285,13.54066225,13.47987577,14.08134283,13.98601093,13.71229418,13.36153063,14.22961176,14.12449661,13.43227956,12.91145982,11.6311681,13.14340132
Vettweiss,12.3965277,13.611973,11.54757058,11.94273256,11.30201969,12.96272469,12.02389229,12.0353248,13.06988245,13.63852657,12.72231215,10.29482916,11.24429289
Viersen,13.87110423,13.42017224,12.41608169,13.35141869,12.11343224,14.09890742,13.1301174,11.96657789,13.12507662,13.69578191,12.95672961,11.61419124,11.85747011
Vlotho,15.20827484,13.91305155,14.00139053,14.26974177,13.61917422,14.02795202,13.84341366,14.7532073,14.60219472,13.8752382,13.64012158,12.02974767,12.80697919
'Voerde (Niederrhein)',13.40112857,13.66851936,12.04328872,13.64467726,12.27958102,14.19352538,13.02379117,11.43354718,13.56550583,13.66252312,13.36130865,11.34292387,11.08576278
Vreden,13.42113143,13.90494071,13.02498571,13.69095286,12.399025,13.64915714,12.78603357,11.65173286,12.60151571,12.69060143,12.78111429,10.56050929,11.58760071
Wachtberg,12.3759052,13.94469984,12.15960688,13.15795011,11.75913787,13.94361686,13.26872269,12.62065257,13.06972111,13.84737658,13.38597269,11.94054884,12.29418146
Wachtendonk,14.32066335,13.0634304,12.88331108,13.24103409,12.2302571,14.01756108,13.59527131,12.55825426,13.5639233,13.95695455,12.98061506,11.82645739,11.91071591
Wadersloh,13.30561576,13.89012836,13.3654562,13.61710998,12.03381733,13.76952542,13.12371586,14.25509496,13.53436334,13.2228542,12.31217668,10.70435651,12.09911807
Waldbroel,13.90391122,13.82920519,12.79769862,13.59486995,12.11859249,13.39406132,13.40088393,11.98044053,12.90504279,13.48646142,13.49258676,11.30680458,12.38489858
Waldfeucht,13.85125521,13.6851224,12.28767448,13.69913021,12.72971354,13.79660417,12.68928125,11.61249479,12.80122656,13.40433594,12.14628125,12.02592708,11.61682031
Waltrop,13.44214375,14.26443951,13.40452589,13.52446496,13.65799754,14.23794085,13.37310379,12.96717277,13.38535223,13.37105424,12.97043013,11.2741154,10.96664129
Warburg,12.91671626,12.33554038,11.60173451,13.01157372,11.32353137,11.48161678,11.56006771,12.37673467,12.15290384,12.44547092,11.81973135,10.75903666,11.1794936
Warendorf,12.00143604,13.09900146,12.10074609,13.09492871,12.40689746,13.11773682,11.94776221,12.08524805,12.84360889,12.26806152,11.60462012,10.3083291,11.03444482
Warstein,13.14391441,12.87640521,12.70051211,13.20008535,12.54546625,12.18503037,12.52270752,12.62150441,12.61439671,12.38481545,12.17797019,11.18271688,12.0739941
Wassenberg,13.41846833,13.37822667,11.65505833,13.67243,12.00829,13.88813167,12.57310833,10.85088333,13.09682333,13.57268,12.28704667,11.60301667,11.19230667
Weeze,14.04966927,13.21043292,11.81608223,13.20497239,11.40532908,13.42173544,12.35806828,10.95756603,13.33769028,13.57767572,13.18213986,11.23301801,11.74376726
Wegberg,13.99764648,13.70994141,12.37172266,13.58722754,12.17828906,14.05661719,12.99040234,11.61185059,12.93865527,13.65045801,13.03432617,11.64783301,11.13425293
Weilerswist,11.29323775,12.73768995,10.51636275,11.08323652,10.74641912,12.90082721,11.62714828,12.36565809,11.84297917,12.72419118,11.72656005,10.08565686,10.71123529
Welver,14.43911489,14.3443704,14.07924908,14.142375,13.91063143,14.10624908,13.51249173,13.50295221,13.7735818,13.63981893,12.89754596,11.52686949,12.22919577
Wenden,13.98142302,13.05153918,12.62470579,13.25901508,13.27094313,12.44498301,12.76759275,12.69911616,12.66400485,12.80727098,12.67322694,11.20266626,12.31747989
Werdohl,13.0787037,13.09672685,12.9885787,13.31761343,13.61198843,12.79608565,13.03370139,12.5835625,12.67551389,12.96079861,13.1356875,11.5595787,12.38603704
Werl,14.52771548,14.56019048,14.31689762,14.46069643,14.52020833,14.33780119,13.90630595,13.67990714,13.7835369,13.94526548,13.62612381,11.83101905,12.50108095
Werne,13.02822109,13.87236111,13.13078146,13.7848108,13.12122577,13.79577154,12.65419317,12.88564994,13.00710884,13.18736281,12.48345904,10.86346315,10.36689994
'Werther (Westf.)',14.96311665,14.29152707,14.34478082,14.50395622,14.2656322,13.95683439,13.84561924,14.94132632,14.33690841,13.84948819,13.50853744,12.03165639,13.06255847
Wesel,14.2943693,14.06181877,12.23037737,13.80400627,12.4752784,14.03364058,12.8209906,11.11126596,13.44823775,13.65005167,13.28323395,11.56818019,12.0755019
Wesseling,12.22800521,13.67802344,12.3913125,12.05688542,11.29376823,14.56046094,13.65810938,11.38863281,14.05203646,13.31434635,12.30558594,11.18891667,12.37728125
Westerkappeln,13.83380096,14.11743283,13.83493805,13.88013571,12.46214712,13.59368379,13.25007569,13.98003984,13.53291387,13.18833269,13.9078533,11.67624217,12.1872897
'Wetter (Ruhr)',12.17528484,12.95211885,12.55378893,12.79318033,12.13283197,12.68557172,12.20635451,10.92769877,12.17413115,12.5663627,12.23909221,10.44031148,11.54067008
Wettringen,14.00926667,13.73604722,13.31720417,13.91964444,13.27345,13.76816667,13.01588194,12.14355833,13.13002639,12.7914375,13.29804444,10.83330278,12.14091944
'Wickede (Ruhr)',14.21409375,14.5105625,14.40464423,14.40514183,14.69409135,14.2088101,13.98859135,13.93590625,13.36001683,13.62601442,13.85376442,11.87446394,12.68144471
Wiehl,12.82482812,13.21819095,12.43105662,12.88643527,11.70741213,12.95817614,12.53783056,11.37661161,12.3026526,12.62889428,12.44409416,10.86704079,11.52642796
Willebadessen,12.80749531,12.39832026,11.97528526,13.12218957,11.59427588,12.04353256,11.71202282,12.81224233,12.50330853,12.56110272,12.58804645,10.75166432,11.44852543
Willich,13.05284866,13.49786616,12.57142981,13.11039144,12.52785502,13.48328695,13.12178501,12.00345244,13.36844448,13.54286934,13.13479243,11.55052599,11.88844554
Wilnsdorf,13.20531766,12.99549771,12.0863578,13.03314908,13.09280275,12.3823406,12.84331766,12.321875,12.49245642,12.58759633,12.38701835,10.63737844,12.2133922
Windeck,12.94617235,13.22851624,11.65031751,12.50168364,11.72070369,13.17405127,13.1557879,11.14451106,12.33625219,12.44585,13.21697972,10.75294055,12.07873214
Winterberg,11.14355903,10.51663476,10.08135036,10.65908631,12.09864765,9.759099206,10.53408523,11.34343965,10.07364575,10.24126711,10.337417,9.121686839,10.21877894
Wipperfuerth,9.629492725,10.49787217,10.11374688,10.32689881,10.50454412,10.31266034,9.71901285,9.54432842,9.617363095,9.894453609,9.610788171,8.499095522,8.987431973
Witten,13.00998587,13.70805326,13.02517174,13.61343261,13.25482065,13.38675109,13.04783804,12.15092391,12.69800761,13.60874457,13.03160435,11.30382283,11.41056087
Wuelfrath,14.83388281,14.29636328,14.03296289,13.63286914,13.28612109,14.13755859,14.08391406,12.07124805,13.40862109,14.11127344,14.34878125,12.52694531,13.20538672
Wuppertal,14.43188064,13.81740318,13.78028279,13.45840779,13.07103125,13.78183965,13.59906814,11.96714395,12.85137398,13.37290369,13.89647182,12.03722439,12.7604708
Wuerselen,12.17864352,14.0080873,12.84958366,13.1575248,12.07277745,13.91207804,12.29713294,10.17613426,12.93301984,14.07416468,13.03274835,10.36369676,11.56375298
Xanten,14.16667963,13.46021565,12.01628344,13.35085396,12.25976044,13.92547912,12.6103414,11.04104888,13.3694947,13.46295294,13.24672049,11.70041223,12.48166344
Zuelpich,11.66081213,12.9211133,10.78189327,11.33174342,10.77448026,12.05190058,11.28866228,11.86927778,11.95020395,12.89530556,11.84931506,9.888323099,10.63474269
