"","alpha1","alpha2","lambda","phi1","phi2","a","b","k","name"
"1",0.2,0.2,0.8,0.2,0.2,0.7,0.8,0.5,"p00001"
"2",0.6,0.2,0.8,0.2,0.2,0.7,0.8,0.5,"p00002"
"3",0.2,0.6,0.8,0.2,0.2,0.7,0.8,0.5,"p00003"
"4",0.6,0.6,0.8,0.2,0.2,0.7,0.8,0.5,"p00004"
"5",0.2,0.2,1,0.2,0.2,0.7,0.8,0.5,"p00005"
"6",0.6,0.2,1,0.2,0.2,0.7,0.8,0.5,"p00006"
"7",0.2,0.6,1,0.2,0.2,0.7,0.8,0.5,"p00007"
"8",0.6,0.6,1,0.2,0.2,0.7,0.8,0.5,"p00008"
"9",0.2,0.2,1.2,0.2,0.2,0.7,0.8,0.5,"p00009"
"10",0.6,0.2,1.2,0.2,0.2,0.7,0.8,0.5,"p00010"
"11",0.2,0.6,1.2,0.2,0.2,0.7,0.8,0.5,"p00011"
"12",0.6,0.6,1.2,0.2,0.2,0.7,0.8,0.5,"p00012"
"13",0.2,0.2,0.8,0.6,0.2,0.7,0.8,0.5,"p00013"
"14",0.6,0.2,0.8,0.6,0.2,0.7,0.8,0.5,"p00014"
"15",0.2,0.6,0.8,0.6,0.2,0.7,0.8,0.5,"p00015"
"16",0.6,0.6,0.8,0.6,0.2,0.7,0.8,0.5,"p00016"
"17",0.2,0.2,1,0.6,0.2,0.7,0.8,0.5,"p00017"
"18",0.6,0.2,1,0.6,0.2,0.7,0.8,0.5,"p00018"
"19",0.2,0.6,1,0.6,0.2,0.7,0.8,0.5,"p00019"
"20",0.6,0.6,1,0.6,0.2,0.7,0.8,0.5,"p00020"
"21",0.2,0.2,1.2,0.6,0.2,0.7,0.8,0.5,"p00021"
"22",0.6,0.2,1.2,0.6,0.2,0.7,0.8,0.5,"p00022"
"23",0.2,0.6,1.2,0.6,0.2,0.7,0.8,0.5,"p00023"
"24",0.6,0.6,1.2,0.6,0.2,0.7,0.8,0.5,"p00024"
"25",0.2,0.2,0.8,0.2,0.6,0.7,0.8,0.5,"p00025"
"26",0.6,0.2,0.8,0.2,0.6,0.7,0.8,0.5,"p00026"
"27",0.2,0.6,0.8,0.2,0.6,0.7,0.8,0.5,"p00027"
"28",0.6,0.6,0.8,0.2,0.6,0.7,0.8,0.5,"p00028"
"29",0.2,0.2,1,0.2,0.6,0.7,0.8,0.5,"p00029"
"30",0.6,0.2,1,0.2,0.6,0.7,0.8,0.5,"p00030"
"31",0.2,0.6,1,0.2,0.6,0.7,0.8,0.5,"p00031"
"32",0.6,0.6,1,0.2,0.6,0.7,0.8,0.5,"p00032"
"33",0.2,0.2,1.2,0.2,0.6,0.7,0.8,0.5,"p00033"
"34",0.6,0.2,1.2,0.2,0.6,0.7,0.8,0.5,"p00034"
"35",0.2,0.6,1.2,0.2,0.6,0.7,0.8,0.5,"p00035"
"36",0.6,0.6,1.2,0.2,0.6,0.7,0.8,0.5,"p00036"
"37",0.2,0.2,0.8,0.6,0.6,0.7,0.8,0.5,"p00037"
"38",0.6,0.2,0.8,0.6,0.6,0.7,0.8,0.5,"p00038"
"39",0.2,0.6,0.8,0.6,0.6,0.7,0.8,0.5,"p00039"
"40",0.6,0.6,0.8,0.6,0.6,0.7,0.8,0.5,"p00040"
"41",0.2,0.2,1,0.6,0.6,0.7,0.8,0.5,"p00041"
"42",0.6,0.2,1,0.6,0.6,0.7,0.8,0.5,"p00042"
"43",0.2,0.6,1,0.6,0.6,0.7,0.8,0.5,"p00043"
"44",0.6,0.6,1,0.6,0.6,0.7,0.8,0.5,"p00044"
"45",0.2,0.2,1.2,0.6,0.6,0.7,0.8,0.5,"p00045"
"46",0.6,0.2,1.2,0.6,0.6,0.7,0.8,0.5,"p00046"
"47",0.2,0.6,1.2,0.6,0.6,0.7,0.8,0.5,"p00047"
"48",0.6,0.6,1.2,0.6,0.6,0.7,0.8,0.5,"p00048"
"49",0.2,0.2,0.8,0.2,0.2,1,0.8,0.5,"p00049"
"50",0.6,0.2,0.8,0.2,0.2,1,0.8,0.5,"p00050"
"51",0.2,0.6,0.8,0.2,0.2,1,0.8,0.5,"p00051"
"52",0.6,0.6,0.8,0.2,0.2,1,0.8,0.5,"p00052"
"53",0.2,0.2,1,0.2,0.2,1,0.8,0.5,"p00053"
"54",0.6,0.2,1,0.2,0.2,1,0.8,0.5,"p00054"
"55",0.2,0.6,1,0.2,0.2,1,0.8,0.5,"p00055"
"56",0.6,0.6,1,0.2,0.2,1,0.8,0.5,"p00056"
"57",0.2,0.2,1.2,0.2,0.2,1,0.8,0.5,"p00057"
"58",0.6,0.2,1.2,0.2,0.2,1,0.8,0.5,"p00058"
"59",0.2,0.6,1.2,0.2,0.2,1,0.8,0.5,"p00059"
"60",0.6,0.6,1.2,0.2,0.2,1,0.8,0.5,"p00060"
"61",0.2,0.2,0.8,0.6,0.2,1,0.8,0.5,"p00061"
"62",0.6,0.2,0.8,0.6,0.2,1,0.8,0.5,"p00062"
"63",0.2,0.6,0.8,0.6,0.2,1,0.8,0.5,"p00063"
"64",0.6,0.6,0.8,0.6,0.2,1,0.8,0.5,"p00064"
"65",0.2,0.2,1,0.6,0.2,1,0.8,0.5,"p00065"
"66",0.6,0.2,1,0.6,0.2,1,0.8,0.5,"p00066"
"67",0.2,0.6,1,0.6,0.2,1,0.8,0.5,"p00067"
"68",0.6,0.6,1,0.6,0.2,1,0.8,0.5,"p00068"
"69",0.2,0.2,1.2,0.6,0.2,1,0.8,0.5,"p00069"
"70",0.6,0.2,1.2,0.6,0.2,1,0.8,0.5,"p00070"
"71",0.2,0.6,1.2,0.6,0.2,1,0.8,0.5,"p00071"
"72",0.6,0.6,1.2,0.6,0.2,1,0.8,0.5,"p00072"
"73",0.2,0.2,0.8,0.2,0.6,1,0.8,0.5,"p00073"
"74",0.6,0.2,0.8,0.2,0.6,1,0.8,0.5,"p00074"
"75",0.2,0.6,0.8,0.2,0.6,1,0.8,0.5,"p00075"
"76",0.6,0.6,0.8,0.2,0.6,1,0.8,0.5,"p00076"
"77",0.2,0.2,1,0.2,0.6,1,0.8,0.5,"p00077"
"78",0.6,0.2,1,0.2,0.6,1,0.8,0.5,"p00078"
"79",0.2,0.6,1,0.2,0.6,1,0.8,0.5,"p00079"
"80",0.6,0.6,1,0.2,0.6,1,0.8,0.5,"p00080"
"81",0.2,0.2,1.2,0.2,0.6,1,0.8,0.5,"p00081"
"82",0.6,0.2,1.2,0.2,0.6,1,0.8,0.5,"p00082"
"83",0.2,0.6,1.2,0.2,0.6,1,0.8,0.5,"p00083"
"84",0.6,0.6,1.2,0.2,0.6,1,0.8,0.5,"p00084"
"85",0.2,0.2,0.8,0.6,0.6,1,0.8,0.5,"p00085"
"86",0.6,0.2,0.8,0.6,0.6,1,0.8,0.5,"p00086"
"87",0.2,0.6,0.8,0.6,0.6,1,0.8,0.5,"p00087"
"88",0.6,0.6,0.8,0.6,0.6,1,0.8,0.5,"p00088"
"89",0.2,0.2,1,0.6,0.6,1,0.8,0.5,"p00089"
"90",0.6,0.2,1,0.6,0.6,1,0.8,0.5,"p00090"
"91",0.2,0.6,1,0.6,0.6,1,0.8,0.5,"p00091"
"92",0.6,0.6,1,0.6,0.6,1,0.8,0.5,"p00092"
"93",0.2,0.2,1.2,0.6,0.6,1,0.8,0.5,"p00093"
"94",0.6,0.2,1.2,0.6,0.6,1,0.8,0.5,"p00094"
"95",0.2,0.6,1.2,0.6,0.6,1,0.8,0.5,"p00095"
"96",0.6,0.6,1.2,0.6,0.6,1,0.8,0.5,"p00096"
"97",0.2,0.2,0.8,0.2,0.2,1.2,0.8,0.5,"p00097"
"98",0.6,0.2,0.8,0.2,0.2,1.2,0.8,0.5,"p00098"
"99",0.2,0.6,0.8,0.2,0.2,1.2,0.8,0.5,"p00099"
"100",0.6,0.6,0.8,0.2,0.2,1.2,0.8,0.5,"p00100"
"101",0.2,0.2,1,0.2,0.2,1.2,0.8,0.5,"p00101"
"102",0.6,0.2,1,0.2,0.2,1.2,0.8,0.5,"p00102"
"103",0.2,0.6,1,0.2,0.2,1.2,0.8,0.5,"p00103"
"104",0.6,0.6,1,0.2,0.2,1.2,0.8,0.5,"p00104"
"105",0.2,0.2,1.2,0.2,0.2,1.2,0.8,0.5,"p00105"
"106",0.6,0.2,1.2,0.2,0.2,1.2,0.8,0.5,"p00106"
"107",0.2,0.6,1.2,0.2,0.2,1.2,0.8,0.5,"p00107"
"108",0.6,0.6,1.2,0.2,0.2,1.2,0.8,0.5,"p00108"
"109",0.2,0.2,0.8,0.6,0.2,1.2,0.8,0.5,"p00109"
"110",0.6,0.2,0.8,0.6,0.2,1.2,0.8,0.5,"p00110"
"111",0.2,0.6,0.8,0.6,0.2,1.2,0.8,0.5,"p00111"
"112",0.6,0.6,0.8,0.6,0.2,1.2,0.8,0.5,"p00112"
"113",0.2,0.2,1,0.6,0.2,1.2,0.8,0.5,"p00113"
"114",0.6,0.2,1,0.6,0.2,1.2,0.8,0.5,"p00114"
"115",0.2,0.6,1,0.6,0.2,1.2,0.8,0.5,"p00115"
"116",0.6,0.6,1,0.6,0.2,1.2,0.8,0.5,"p00116"
"117",0.2,0.2,1.2,0.6,0.2,1.2,0.8,0.5,"p00117"
"118",0.6,0.2,1.2,0.6,0.2,1.2,0.8,0.5,"p00118"
"119",0.2,0.6,1.2,0.6,0.2,1.2,0.8,0.5,"p00119"
"120",0.6,0.6,1.2,0.6,0.2,1.2,0.8,0.5,"p00120"
"121",0.2,0.2,0.8,0.2,0.6,1.2,0.8,0.5,"p00121"
"122",0.6,0.2,0.8,0.2,0.6,1.2,0.8,0.5,"p00122"
"123",0.2,0.6,0.8,0.2,0.6,1.2,0.8,0.5,"p00123"
"124",0.6,0.6,0.8,0.2,0.6,1.2,0.8,0.5,"p00124"
"125",0.2,0.2,1,0.2,0.6,1.2,0.8,0.5,"p00125"
"126",0.6,0.2,1,0.2,0.6,1.2,0.8,0.5,"p00126"
"127",0.2,0.6,1,0.2,0.6,1.2,0.8,0.5,"p00127"
"128",0.6,0.6,1,0.2,0.6,1.2,0.8,0.5,"p00128"
"129",0.2,0.2,1.2,0.2,0.6,1.2,0.8,0.5,"p00129"
"130",0.6,0.2,1.2,0.2,0.6,1.2,0.8,0.5,"p00130"
"131",0.2,0.6,1.2,0.2,0.6,1.2,0.8,0.5,"p00131"
"132",0.6,0.6,1.2,0.2,0.6,1.2,0.8,0.5,"p00132"
"133",0.2,0.2,0.8,0.6,0.6,1.2,0.8,0.5,"p00133"
"134",0.6,0.2,0.8,0.6,0.6,1.2,0.8,0.5,"p00134"
"135",0.2,0.6,0.8,0.6,0.6,1.2,0.8,0.5,"p00135"
"136",0.6,0.6,0.8,0.6,0.6,1.2,0.8,0.5,"p00136"
"137",0.2,0.2,1,0.6,0.6,1.2,0.8,0.5,"p00137"
"138",0.6,0.2,1,0.6,0.6,1.2,0.8,0.5,"p00138"
"139",0.2,0.6,1,0.6,0.6,1.2,0.8,0.5,"p00139"
"140",0.6,0.6,1,0.6,0.6,1.2,0.8,0.5,"p00140"
"141",0.2,0.2,1.2,0.6,0.6,1.2,0.8,0.5,"p00141"
"142",0.6,0.2,1.2,0.6,0.6,1.2,0.8,0.5,"p00142"
"143",0.2,0.6,1.2,0.6,0.6,1.2,0.8,0.5,"p00143"
"144",0.6,0.6,1.2,0.6,0.6,1.2,0.8,0.5,"p00144"
"145",0.2,0.2,0.8,0.2,0.2,0.7,1,0.5,"p00145"
"146",0.6,0.2,0.8,0.2,0.2,0.7,1,0.5,"p00146"
"147",0.2,0.6,0.8,0.2,0.2,0.7,1,0.5,"p00147"
"148",0.6,0.6,0.8,0.2,0.2,0.7,1,0.5,"p00148"
"149",0.2,0.2,1,0.2,0.2,0.7,1,0.5,"p00149"
"150",0.6,0.2,1,0.2,0.2,0.7,1,0.5,"p00150"
"151",0.2,0.6,1,0.2,0.2,0.7,1,0.5,"p00151"
"152",0.6,0.6,1,0.2,0.2,0.7,1,0.5,"p00152"
"153",0.2,0.2,1.2,0.2,0.2,0.7,1,0.5,"p00153"
"154",0.6,0.2,1.2,0.2,0.2,0.7,1,0.5,"p00154"
"155",0.2,0.6,1.2,0.2,0.2,0.7,1,0.5,"p00155"
"156",0.6,0.6,1.2,0.2,0.2,0.7,1,0.5,"p00156"
"157",0.2,0.2,0.8,0.6,0.2,0.7,1,0.5,"p00157"
"158",0.6,0.2,0.8,0.6,0.2,0.7,1,0.5,"p00158"
"159",0.2,0.6,0.8,0.6,0.2,0.7,1,0.5,"p00159"
"160",0.6,0.6,0.8,0.6,0.2,0.7,1,0.5,"p00160"
"161",0.2,0.2,1,0.6,0.2,0.7,1,0.5,"p00161"
"162",0.6,0.2,1,0.6,0.2,0.7,1,0.5,"p00162"
"163",0.2,0.6,1,0.6,0.2,0.7,1,0.5,"p00163"
"164",0.6,0.6,1,0.6,0.2,0.7,1,0.5,"p00164"
"165",0.2,0.2,1.2,0.6,0.2,0.7,1,0.5,"p00165"
"166",0.6,0.2,1.2,0.6,0.2,0.7,1,0.5,"p00166"
"167",0.2,0.6,1.2,0.6,0.2,0.7,1,0.5,"p00167"
"168",0.6,0.6,1.2,0.6,0.2,0.7,1,0.5,"p00168"
"169",0.2,0.2,0.8,0.2,0.6,0.7,1,0.5,"p00169"
"170",0.6,0.2,0.8,0.2,0.6,0.7,1,0.5,"p00170"
"171",0.2,0.6,0.8,0.2,0.6,0.7,1,0.5,"p00171"
"172",0.6,0.6,0.8,0.2,0.6,0.7,1,0.5,"p00172"
"173",0.2,0.2,1,0.2,0.6,0.7,1,0.5,"p00173"
"174",0.6,0.2,1,0.2,0.6,0.7,1,0.5,"p00174"
"175",0.2,0.6,1,0.2,0.6,0.7,1,0.5,"p00175"
"176",0.6,0.6,1,0.2,0.6,0.7,1,0.5,"p00176"
"177",0.2,0.2,1.2,0.2,0.6,0.7,1,0.5,"p00177"
"178",0.6,0.2,1.2,0.2,0.6,0.7,1,0.5,"p00178"
"179",0.2,0.6,1.2,0.2,0.6,0.7,1,0.5,"p00179"
"180",0.6,0.6,1.2,0.2,0.6,0.7,1,0.5,"p00180"
"181",0.2,0.2,0.8,0.6,0.6,0.7,1,0.5,"p00181"
"182",0.6,0.2,0.8,0.6,0.6,0.7,1,0.5,"p00182"
"183",0.2,0.6,0.8,0.6,0.6,0.7,1,0.5,"p00183"
"184",0.6,0.6,0.8,0.6,0.6,0.7,1,0.5,"p00184"
"185",0.2,0.2,1,0.6,0.6,0.7,1,0.5,"p00185"
"186",0.6,0.2,1,0.6,0.6,0.7,1,0.5,"p00186"
"187",0.2,0.6,1,0.6,0.6,0.7,1,0.5,"p00187"
"188",0.6,0.6,1,0.6,0.6,0.7,1,0.5,"p00188"
"189",0.2,0.2,1.2,0.6,0.6,0.7,1,0.5,"p00189"
"190",0.6,0.2,1.2,0.6,0.6,0.7,1,0.5,"p00190"
"191",0.2,0.6,1.2,0.6,0.6,0.7,1,0.5,"p00191"
"192",0.6,0.6,1.2,0.6,0.6,0.7,1,0.5,"p00192"
"193",0.2,0.2,0.8,0.2,0.2,1,1,0.5,"p00193"
"194",0.6,0.2,0.8,0.2,0.2,1,1,0.5,"p00194"
"195",0.2,0.6,0.8,0.2,0.2,1,1,0.5,"p00195"
"196",0.6,0.6,0.8,0.2,0.2,1,1,0.5,"p00196"
"197",0.2,0.2,1,0.2,0.2,1,1,0.5,"p00197"
"198",0.6,0.2,1,0.2,0.2,1,1,0.5,"p00198"
"199",0.2,0.6,1,0.2,0.2,1,1,0.5,"p00199"
"200",0.6,0.6,1,0.2,0.2,1,1,0.5,"p00200"
"201",0.2,0.2,1.2,0.2,0.2,1,1,0.5,"p00201"
"202",0.6,0.2,1.2,0.2,0.2,1,1,0.5,"p00202"
"203",0.2,0.6,1.2,0.2,0.2,1,1,0.5,"p00203"
"204",0.6,0.6,1.2,0.2,0.2,1,1,0.5,"p00204"
"205",0.2,0.2,0.8,0.6,0.2,1,1,0.5,"p00205"
"206",0.6,0.2,0.8,0.6,0.2,1,1,0.5,"p00206"
"207",0.2,0.6,0.8,0.6,0.2,1,1,0.5,"p00207"
"208",0.6,0.6,0.8,0.6,0.2,1,1,0.5,"p00208"
"209",0.2,0.2,1,0.6,0.2,1,1,0.5,"p00209"
"210",0.6,0.2,1,0.6,0.2,1,1,0.5,"p00210"
"211",0.2,0.6,1,0.6,0.2,1,1,0.5,"p00211"
"212",0.6,0.6,1,0.6,0.2,1,1,0.5,"p00212"
"213",0.2,0.2,1.2,0.6,0.2,1,1,0.5,"p00213"
"214",0.6,0.2,1.2,0.6,0.2,1,1,0.5,"p00214"
"215",0.2,0.6,1.2,0.6,0.2,1,1,0.5,"p00215"
"216",0.6,0.6,1.2,0.6,0.2,1,1,0.5,"p00216"
"217",0.2,0.2,0.8,0.2,0.6,1,1,0.5,"p00217"
"218",0.6,0.2,0.8,0.2,0.6,1,1,0.5,"p00218"
"219",0.2,0.6,0.8,0.2,0.6,1,1,0.5,"p00219"
"220",0.6,0.6,0.8,0.2,0.6,1,1,0.5,"p00220"
"221",0.2,0.2,1,0.2,0.6,1,1,0.5,"p00221"
"222",0.6,0.2,1,0.2,0.6,1,1,0.5,"p00222"
"223",0.2,0.6,1,0.2,0.6,1,1,0.5,"p00223"
"224",0.6,0.6,1,0.2,0.6,1,1,0.5,"p00224"
"225",0.2,0.2,1.2,0.2,0.6,1,1,0.5,"p00225"
"226",0.6,0.2,1.2,0.2,0.6,1,1,0.5,"p00226"
"227",0.2,0.6,1.2,0.2,0.6,1,1,0.5,"p00227"
"228",0.6,0.6,1.2,0.2,0.6,1,1,0.5,"p00228"
"229",0.2,0.2,0.8,0.6,0.6,1,1,0.5,"p00229"
"230",0.6,0.2,0.8,0.6,0.6,1,1,0.5,"p00230"
"231",0.2,0.6,0.8,0.6,0.6,1,1,0.5,"p00231"
"232",0.6,0.6,0.8,0.6,0.6,1,1,0.5,"p00232"
"233",0.2,0.2,1,0.6,0.6,1,1,0.5,"p00233"
"234",0.6,0.2,1,0.6,0.6,1,1,0.5,"p00234"
"235",0.2,0.6,1,0.6,0.6,1,1,0.5,"p00235"
"236",0.6,0.6,1,0.6,0.6,1,1,0.5,"p00236"
"237",0.2,0.2,1.2,0.6,0.6,1,1,0.5,"p00237"
"238",0.6,0.2,1.2,0.6,0.6,1,1,0.5,"p00238"
"239",0.2,0.6,1.2,0.6,0.6,1,1,0.5,"p00239"
"240",0.6,0.6,1.2,0.6,0.6,1,1,0.5,"p00240"
"241",0.2,0.2,0.8,0.2,0.2,1.2,1,0.5,"p00241"
"242",0.6,0.2,0.8,0.2,0.2,1.2,1,0.5,"p00242"
"243",0.2,0.6,0.8,0.2,0.2,1.2,1,0.5,"p00243"
"244",0.6,0.6,0.8,0.2,0.2,1.2,1,0.5,"p00244"
"245",0.2,0.2,1,0.2,0.2,1.2,1,0.5,"p00245"
"246",0.6,0.2,1,0.2,0.2,1.2,1,0.5,"p00246"
"247",0.2,0.6,1,0.2,0.2,1.2,1,0.5,"p00247"
"248",0.6,0.6,1,0.2,0.2,1.2,1,0.5,"p00248"
"249",0.2,0.2,1.2,0.2,0.2,1.2,1,0.5,"p00249"
"250",0.6,0.2,1.2,0.2,0.2,1.2,1,0.5,"p00250"
"251",0.2,0.6,1.2,0.2,0.2,1.2,1,0.5,"p00251"
"252",0.6,0.6,1.2,0.2,0.2,1.2,1,0.5,"p00252"
"253",0.2,0.2,0.8,0.6,0.2,1.2,1,0.5,"p00253"
"254",0.6,0.2,0.8,0.6,0.2,1.2,1,0.5,"p00254"
"255",0.2,0.6,0.8,0.6,0.2,1.2,1,0.5,"p00255"
"256",0.6,0.6,0.8,0.6,0.2,1.2,1,0.5,"p00256"
"257",0.2,0.2,1,0.6,0.2,1.2,1,0.5,"p00257"
"258",0.6,0.2,1,0.6,0.2,1.2,1,0.5,"p00258"
"259",0.2,0.6,1,0.6,0.2,1.2,1,0.5,"p00259"
"260",0.6,0.6,1,0.6,0.2,1.2,1,0.5,"p00260"
"261",0.2,0.2,1.2,0.6,0.2,1.2,1,0.5,"p00261"
"262",0.6,0.2,1.2,0.6,0.2,1.2,1,0.5,"p00262"
"263",0.2,0.6,1.2,0.6,0.2,1.2,1,0.5,"p00263"
"264",0.6,0.6,1.2,0.6,0.2,1.2,1,0.5,"p00264"
"265",0.2,0.2,0.8,0.2,0.6,1.2,1,0.5,"p00265"
"266",0.6,0.2,0.8,0.2,0.6,1.2,1,0.5,"p00266"
"267",0.2,0.6,0.8,0.2,0.6,1.2,1,0.5,"p00267"
"268",0.6,0.6,0.8,0.2,0.6,1.2,1,0.5,"p00268"
"269",0.2,0.2,1,0.2,0.6,1.2,1,0.5,"p00269"
"270",0.6,0.2,1,0.2,0.6,1.2,1,0.5,"p00270"
"271",0.2,0.6,1,0.2,0.6,1.2,1,0.5,"p00271"
"272",0.6,0.6,1,0.2,0.6,1.2,1,0.5,"p00272"
"273",0.2,0.2,1.2,0.2,0.6,1.2,1,0.5,"p00273"
"274",0.6,0.2,1.2,0.2,0.6,1.2,1,0.5,"p00274"
"275",0.2,0.6,1.2,0.2,0.6,1.2,1,0.5,"p00275"
"276",0.6,0.6,1.2,0.2,0.6,1.2,1,0.5,"p00276"
"277",0.2,0.2,0.8,0.6,0.6,1.2,1,0.5,"p00277"
"278",0.6,0.2,0.8,0.6,0.6,1.2,1,0.5,"p00278"
"279",0.2,0.6,0.8,0.6,0.6,1.2,1,0.5,"p00279"
"280",0.6,0.6,0.8,0.6,0.6,1.2,1,0.5,"p00280"
"281",0.2,0.2,1,0.6,0.6,1.2,1,0.5,"p00281"
"282",0.6,0.2,1,0.6,0.6,1.2,1,0.5,"p00282"
"283",0.2,0.6,1,0.6,0.6,1.2,1,0.5,"p00283"
"284",0.6,0.6,1,0.6,0.6,1.2,1,0.5,"p00284"
"285",0.2,0.2,1.2,0.6,0.6,1.2,1,0.5,"p00285"
"286",0.6,0.2,1.2,0.6,0.6,1.2,1,0.5,"p00286"
"287",0.2,0.6,1.2,0.6,0.6,1.2,1,0.5,"p00287"
"288",0.6,0.6,1.2,0.6,0.6,1.2,1,0.5,"p00288"
"289",0.2,0.2,0.8,0.2,0.2,0.7,1.2,0.5,"p00289"
"290",0.6,0.2,0.8,0.2,0.2,0.7,1.2,0.5,"p00290"
"291",0.2,0.6,0.8,0.2,0.2,0.7,1.2,0.5,"p00291"
"292",0.6,0.6,0.8,0.2,0.2,0.7,1.2,0.5,"p00292"
"293",0.2,0.2,1,0.2,0.2,0.7,1.2,0.5,"p00293"
"294",0.6,0.2,1,0.2,0.2,0.7,1.2,0.5,"p00294"
"295",0.2,0.6,1,0.2,0.2,0.7,1.2,0.5,"p00295"
"296",0.6,0.6,1,0.2,0.2,0.7,1.2,0.5,"p00296"
"297",0.2,0.2,1.2,0.2,0.2,0.7,1.2,0.5,"p00297"
"298",0.6,0.2,1.2,0.2,0.2,0.7,1.2,0.5,"p00298"
"299",0.2,0.6,1.2,0.2,0.2,0.7,1.2,0.5,"p00299"
"300",0.6,0.6,1.2,0.2,0.2,0.7,1.2,0.5,"p00300"
"301",0.2,0.2,0.8,0.6,0.2,0.7,1.2,0.5,"p00301"
"302",0.6,0.2,0.8,0.6,0.2,0.7,1.2,0.5,"p00302"
"303",0.2,0.6,0.8,0.6,0.2,0.7,1.2,0.5,"p00303"
"304",0.6,0.6,0.8,0.6,0.2,0.7,1.2,0.5,"p00304"
"305",0.2,0.2,1,0.6,0.2,0.7,1.2,0.5,"p00305"
"306",0.6,0.2,1,0.6,0.2,0.7,1.2,0.5,"p00306"
"307",0.2,0.6,1,0.6,0.2,0.7,1.2,0.5,"p00307"
"308",0.6,0.6,1,0.6,0.2,0.7,1.2,0.5,"p00308"
"309",0.2,0.2,1.2,0.6,0.2,0.7,1.2,0.5,"p00309"
"310",0.6,0.2,1.2,0.6,0.2,0.7,1.2,0.5,"p00310"
"311",0.2,0.6,1.2,0.6,0.2,0.7,1.2,0.5,"p00311"
"312",0.6,0.6,1.2,0.6,0.2,0.7,1.2,0.5,"p00312"
"313",0.2,0.2,0.8,0.2,0.6,0.7,1.2,0.5,"p00313"
"314",0.6,0.2,0.8,0.2,0.6,0.7,1.2,0.5,"p00314"
"315",0.2,0.6,0.8,0.2,0.6,0.7,1.2,0.5,"p00315"
"316",0.6,0.6,0.8,0.2,0.6,0.7,1.2,0.5,"p00316"
"317",0.2,0.2,1,0.2,0.6,0.7,1.2,0.5,"p00317"
"318",0.6,0.2,1,0.2,0.6,0.7,1.2,0.5,"p00318"
"319",0.2,0.6,1,0.2,0.6,0.7,1.2,0.5,"p00319"
"320",0.6,0.6,1,0.2,0.6,0.7,1.2,0.5,"p00320"
"321",0.2,0.2,1.2,0.2,0.6,0.7,1.2,0.5,"p00321"
"322",0.6,0.2,1.2,0.2,0.6,0.7,1.2,0.5,"p00322"
"323",0.2,0.6,1.2,0.2,0.6,0.7,1.2,0.5,"p00323"
"324",0.6,0.6,1.2,0.2,0.6,0.7,1.2,0.5,"p00324"
"325",0.2,0.2,0.8,0.6,0.6,0.7,1.2,0.5,"p00325"
"326",0.6,0.2,0.8,0.6,0.6,0.7,1.2,0.5,"p00326"
"327",0.2,0.6,0.8,0.6,0.6,0.7,1.2,0.5,"p00327"
"328",0.6,0.6,0.8,0.6,0.6,0.7,1.2,0.5,"p00328"
"329",0.2,0.2,1,0.6,0.6,0.7,1.2,0.5,"p00329"
"330",0.6,0.2,1,0.6,0.6,0.7,1.2,0.5,"p00330"
"331",0.2,0.6,1,0.6,0.6,0.7,1.2,0.5,"p00331"
"332",0.6,0.6,1,0.6,0.6,0.7,1.2,0.5,"p00332"
"333",0.2,0.2,1.2,0.6,0.6,0.7,1.2,0.5,"p00333"
"334",0.6,0.2,1.2,0.6,0.6,0.7,1.2,0.5,"p00334"
"335",0.2,0.6,1.2,0.6,0.6,0.7,1.2,0.5,"p00335"
"336",0.6,0.6,1.2,0.6,0.6,0.7,1.2,0.5,"p00336"
"337",0.2,0.2,0.8,0.2,0.2,1,1.2,0.5,"p00337"
"338",0.6,0.2,0.8,0.2,0.2,1,1.2,0.5,"p00338"
"339",0.2,0.6,0.8,0.2,0.2,1,1.2,0.5,"p00339"
"340",0.6,0.6,0.8,0.2,0.2,1,1.2,0.5,"p00340"
"341",0.2,0.2,1,0.2,0.2,1,1.2,0.5,"p00341"
"342",0.6,0.2,1,0.2,0.2,1,1.2,0.5,"p00342"
"343",0.2,0.6,1,0.2,0.2,1,1.2,0.5,"p00343"
"344",0.6,0.6,1,0.2,0.2,1,1.2,0.5,"p00344"
"345",0.2,0.2,1.2,0.2,0.2,1,1.2,0.5,"p00345"
"346",0.6,0.2,1.2,0.2,0.2,1,1.2,0.5,"p00346"
"347",0.2,0.6,1.2,0.2,0.2,1,1.2,0.5,"p00347"
"348",0.6,0.6,1.2,0.2,0.2,1,1.2,0.5,"p00348"
"349",0.2,0.2,0.8,0.6,0.2,1,1.2,0.5,"p00349"
"350",0.6,0.2,0.8,0.6,0.2,1,1.2,0.5,"p00350"
"351",0.2,0.6,0.8,0.6,0.2,1,1.2,0.5,"p00351"
"352",0.6,0.6,0.8,0.6,0.2,1,1.2,0.5,"p00352"
"353",0.2,0.2,1,0.6,0.2,1,1.2,0.5,"p00353"
"354",0.6,0.2,1,0.6,0.2,1,1.2,0.5,"p00354"
"355",0.2,0.6,1,0.6,0.2,1,1.2,0.5,"p00355"
"356",0.6,0.6,1,0.6,0.2,1,1.2,0.5,"p00356"
"357",0.2,0.2,1.2,0.6,0.2,1,1.2,0.5,"p00357"
"358",0.6,0.2,1.2,0.6,0.2,1,1.2,0.5,"p00358"
"359",0.2,0.6,1.2,0.6,0.2,1,1.2,0.5,"p00359"
"360",0.6,0.6,1.2,0.6,0.2,1,1.2,0.5,"p00360"
"361",0.2,0.2,0.8,0.2,0.6,1,1.2,0.5,"p00361"
"362",0.6,0.2,0.8,0.2,0.6,1,1.2,0.5,"p00362"
"363",0.2,0.6,0.8,0.2,0.6,1,1.2,0.5,"p00363"
"364",0.6,0.6,0.8,0.2,0.6,1,1.2,0.5,"p00364"
"365",0.2,0.2,1,0.2,0.6,1,1.2,0.5,"p00365"
"366",0.6,0.2,1,0.2,0.6,1,1.2,0.5,"p00366"
"367",0.2,0.6,1,0.2,0.6,1,1.2,0.5,"p00367"
"368",0.6,0.6,1,0.2,0.6,1,1.2,0.5,"p00368"
"369",0.2,0.2,1.2,0.2,0.6,1,1.2,0.5,"p00369"
"370",0.6,0.2,1.2,0.2,0.6,1,1.2,0.5,"p00370"
"371",0.2,0.6,1.2,0.2,0.6,1,1.2,0.5,"p00371"
"372",0.6,0.6,1.2,0.2,0.6,1,1.2,0.5,"p00372"
"373",0.2,0.2,0.8,0.6,0.6,1,1.2,0.5,"p00373"
"374",0.6,0.2,0.8,0.6,0.6,1,1.2,0.5,"p00374"
"375",0.2,0.6,0.8,0.6,0.6,1,1.2,0.5,"p00375"
"376",0.6,0.6,0.8,0.6,0.6,1,1.2,0.5,"p00376"
"377",0.2,0.2,1,0.6,0.6,1,1.2,0.5,"p00377"
"378",0.6,0.2,1,0.6,0.6,1,1.2,0.5,"p00378"
"379",0.2,0.6,1,0.6,0.6,1,1.2,0.5,"p00379"
"380",0.6,0.6,1,0.6,0.6,1,1.2,0.5,"p00380"
"381",0.2,0.2,1.2,0.6,0.6,1,1.2,0.5,"p00381"
"382",0.6,0.2,1.2,0.6,0.6,1,1.2,0.5,"p00382"
"383",0.2,0.6,1.2,0.6,0.6,1,1.2,0.5,"p00383"
"384",0.6,0.6,1.2,0.6,0.6,1,1.2,0.5,"p00384"
"385",0.2,0.2,0.8,0.2,0.2,1.2,1.2,0.5,"p00385"
"386",0.6,0.2,0.8,0.2,0.2,1.2,1.2,0.5,"p00386"
"387",0.2,0.6,0.8,0.2,0.2,1.2,1.2,0.5,"p00387"
"388",0.6,0.6,0.8,0.2,0.2,1.2,1.2,0.5,"p00388"
"389",0.2,0.2,1,0.2,0.2,1.2,1.2,0.5,"p00389"
"390",0.6,0.2,1,0.2,0.2,1.2,1.2,0.5,"p00390"
"391",0.2,0.6,1,0.2,0.2,1.2,1.2,0.5,"p00391"
"392",0.6,0.6,1,0.2,0.2,1.2,1.2,0.5,"p00392"
"393",0.2,0.2,1.2,0.2,0.2,1.2,1.2,0.5,"p00393"
"394",0.6,0.2,1.2,0.2,0.2,1.2,1.2,0.5,"p00394"
"395",0.2,0.6,1.2,0.2,0.2,1.2,1.2,0.5,"p00395"
"396",0.6,0.6,1.2,0.2,0.2,1.2,1.2,0.5,"p00396"
"397",0.2,0.2,0.8,0.6,0.2,1.2,1.2,0.5,"p00397"
"398",0.6,0.2,0.8,0.6,0.2,1.2,1.2,0.5,"p00398"
"399",0.2,0.6,0.8,0.6,0.2,1.2,1.2,0.5,"p00399"
"400",0.6,0.6,0.8,0.6,0.2,1.2,1.2,0.5,"p00400"
"401",0.2,0.2,1,0.6,0.2,1.2,1.2,0.5,"p00401"
"402",0.6,0.2,1,0.6,0.2,1.2,1.2,0.5,"p00402"
"403",0.2,0.6,1,0.6,0.2,1.2,1.2,0.5,"p00403"
"404",0.6,0.6,1,0.6,0.2,1.2,1.2,0.5,"p00404"
"405",0.2,0.2,1.2,0.6,0.2,1.2,1.2,0.5,"p00405"
"406",0.6,0.2,1.2,0.6,0.2,1.2,1.2,0.5,"p00406"
"407",0.2,0.6,1.2,0.6,0.2,1.2,1.2,0.5,"p00407"
"408",0.6,0.6,1.2,0.6,0.2,1.2,1.2,0.5,"p00408"
"409",0.2,0.2,0.8,0.2,0.6,1.2,1.2,0.5,"p00409"
"410",0.6,0.2,0.8,0.2,0.6,1.2,1.2,0.5,"p00410"
"411",0.2,0.6,0.8,0.2,0.6,1.2,1.2,0.5,"p00411"
"412",0.6,0.6,0.8,0.2,0.6,1.2,1.2,0.5,"p00412"
"413",0.2,0.2,1,0.2,0.6,1.2,1.2,0.5,"p00413"
"414",0.6,0.2,1,0.2,0.6,1.2,1.2,0.5,"p00414"
"415",0.2,0.6,1,0.2,0.6,1.2,1.2,0.5,"p00415"
"416",0.6,0.6,1,0.2,0.6,1.2,1.2,0.5,"p00416"
"417",0.2,0.2,1.2,0.2,0.6,1.2,1.2,0.5,"p00417"
"418",0.6,0.2,1.2,0.2,0.6,1.2,1.2,0.5,"p00418"
"419",0.2,0.6,1.2,0.2,0.6,1.2,1.2,0.5,"p00419"
"420",0.6,0.6,1.2,0.2,0.6,1.2,1.2,0.5,"p00420"
"421",0.2,0.2,0.8,0.6,0.6,1.2,1.2,0.5,"p00421"
"422",0.6,0.2,0.8,0.6,0.6,1.2,1.2,0.5,"p00422"
"423",0.2,0.6,0.8,0.6,0.6,1.2,1.2,0.5,"p00423"
"424",0.6,0.6,0.8,0.6,0.6,1.2,1.2,0.5,"p00424"
"425",0.2,0.2,1,0.6,0.6,1.2,1.2,0.5,"p00425"
"426",0.6,0.2,1,0.6,0.6,1.2,1.2,0.5,"p00426"
"427",0.2,0.6,1,0.6,0.6,1.2,1.2,0.5,"p00427"
"428",0.6,0.6,1,0.6,0.6,1.2,1.2,0.5,"p00428"
"429",0.2,0.2,1.2,0.6,0.6,1.2,1.2,0.5,"p00429"
"430",0.6,0.2,1.2,0.6,0.6,1.2,1.2,0.5,"p00430"
"431",0.2,0.6,1.2,0.6,0.6,1.2,1.2,0.5,"p00431"
"432",0.6,0.6,1.2,0.6,0.6,1.2,1.2,0.5,"p00432"
"433",0.2,0.2,0.8,0.2,0.2,0.7,0.8,0.6,"p00433"
"434",0.6,0.2,0.8,0.2,0.2,0.7,0.8,0.6,"p00434"
"435",0.2,0.6,0.8,0.2,0.2,0.7,0.8,0.6,"p00435"
"436",0.6,0.6,0.8,0.2,0.2,0.7,0.8,0.6,"p00436"
"437",0.2,0.2,1,0.2,0.2,0.7,0.8,0.6,"p00437"
"438",0.6,0.2,1,0.2,0.2,0.7,0.8,0.6,"p00438"
"439",0.2,0.6,1,0.2,0.2,0.7,0.8,0.6,"p00439"
"440",0.6,0.6,1,0.2,0.2,0.7,0.8,0.6,"p00440"
"441",0.2,0.2,1.2,0.2,0.2,0.7,0.8,0.6,"p00441"
"442",0.6,0.2,1.2,0.2,0.2,0.7,0.8,0.6,"p00442"
"443",0.2,0.6,1.2,0.2,0.2,0.7,0.8,0.6,"p00443"
"444",0.6,0.6,1.2,0.2,0.2,0.7,0.8,0.6,"p00444"
"445",0.2,0.2,0.8,0.6,0.2,0.7,0.8,0.6,"p00445"
"446",0.6,0.2,0.8,0.6,0.2,0.7,0.8,0.6,"p00446"
"447",0.2,0.6,0.8,0.6,0.2,0.7,0.8,0.6,"p00447"
"448",0.6,0.6,0.8,0.6,0.2,0.7,0.8,0.6,"p00448"
"449",0.2,0.2,1,0.6,0.2,0.7,0.8,0.6,"p00449"
"450",0.6,0.2,1,0.6,0.2,0.7,0.8,0.6,"p00450"
"451",0.2,0.6,1,0.6,0.2,0.7,0.8,0.6,"p00451"
"452",0.6,0.6,1,0.6,0.2,0.7,0.8,0.6,"p00452"
"453",0.2,0.2,1.2,0.6,0.2,0.7,0.8,0.6,"p00453"
"454",0.6,0.2,1.2,0.6,0.2,0.7,0.8,0.6,"p00454"
"455",0.2,0.6,1.2,0.6,0.2,0.7,0.8,0.6,"p00455"
"456",0.6,0.6,1.2,0.6,0.2,0.7,0.8,0.6,"p00456"
"457",0.2,0.2,0.8,0.2,0.6,0.7,0.8,0.6,"p00457"
"458",0.6,0.2,0.8,0.2,0.6,0.7,0.8,0.6,"p00458"
"459",0.2,0.6,0.8,0.2,0.6,0.7,0.8,0.6,"p00459"
"460",0.6,0.6,0.8,0.2,0.6,0.7,0.8,0.6,"p00460"
"461",0.2,0.2,1,0.2,0.6,0.7,0.8,0.6,"p00461"
"462",0.6,0.2,1,0.2,0.6,0.7,0.8,0.6,"p00462"
"463",0.2,0.6,1,0.2,0.6,0.7,0.8,0.6,"p00463"
"464",0.6,0.6,1,0.2,0.6,0.7,0.8,0.6,"p00464"
"465",0.2,0.2,1.2,0.2,0.6,0.7,0.8,0.6,"p00465"
"466",0.6,0.2,1.2,0.2,0.6,0.7,0.8,0.6,"p00466"
"467",0.2,0.6,1.2,0.2,0.6,0.7,0.8,0.6,"p00467"
"468",0.6,0.6,1.2,0.2,0.6,0.7,0.8,0.6,"p00468"
"469",0.2,0.2,0.8,0.6,0.6,0.7,0.8,0.6,"p00469"
"470",0.6,0.2,0.8,0.6,0.6,0.7,0.8,0.6,"p00470"
"471",0.2,0.6,0.8,0.6,0.6,0.7,0.8,0.6,"p00471"
"472",0.6,0.6,0.8,0.6,0.6,0.7,0.8,0.6,"p00472"
"473",0.2,0.2,1,0.6,0.6,0.7,0.8,0.6,"p00473"
"474",0.6,0.2,1,0.6,0.6,0.7,0.8,0.6,"p00474"
"475",0.2,0.6,1,0.6,0.6,0.7,0.8,0.6,"p00475"
"476",0.6,0.6,1,0.6,0.6,0.7,0.8,0.6,"p00476"
"477",0.2,0.2,1.2,0.6,0.6,0.7,0.8,0.6,"p00477"
"478",0.6,0.2,1.2,0.6,0.6,0.7,0.8,0.6,"p00478"
"479",0.2,0.6,1.2,0.6,0.6,0.7,0.8,0.6,"p00479"
"480",0.6,0.6,1.2,0.6,0.6,0.7,0.8,0.6,"p00480"
"481",0.2,0.2,0.8,0.2,0.2,1,0.8,0.6,"p00481"
"482",0.6,0.2,0.8,0.2,0.2,1,0.8,0.6,"p00482"
"483",0.2,0.6,0.8,0.2,0.2,1,0.8,0.6,"p00483"
"484",0.6,0.6,0.8,0.2,0.2,1,0.8,0.6,"p00484"
"485",0.2,0.2,1,0.2,0.2,1,0.8,0.6,"p00485"
"486",0.6,0.2,1,0.2,0.2,1,0.8,0.6,"p00486"
"487",0.2,0.6,1,0.2,0.2,1,0.8,0.6,"p00487"
"488",0.6,0.6,1,0.2,0.2,1,0.8,0.6,"p00488"
"489",0.2,0.2,1.2,0.2,0.2,1,0.8,0.6,"p00489"
"490",0.6,0.2,1.2,0.2,0.2,1,0.8,0.6,"p00490"
"491",0.2,0.6,1.2,0.2,0.2,1,0.8,0.6,"p00491"
"492",0.6,0.6,1.2,0.2,0.2,1,0.8,0.6,"p00492"
"493",0.2,0.2,0.8,0.6,0.2,1,0.8,0.6,"p00493"
"494",0.6,0.2,0.8,0.6,0.2,1,0.8,0.6,"p00494"
"495",0.2,0.6,0.8,0.6,0.2,1,0.8,0.6,"p00495"
"496",0.6,0.6,0.8,0.6,0.2,1,0.8,0.6,"p00496"
"497",0.2,0.2,1,0.6,0.2,1,0.8,0.6,"p00497"
"498",0.6,0.2,1,0.6,0.2,1,0.8,0.6,"p00498"
"499",0.2,0.6,1,0.6,0.2,1,0.8,0.6,"p00499"
"500",0.6,0.6,1,0.6,0.2,1,0.8,0.6,"p00500"
"501",0.2,0.2,1.2,0.6,0.2,1,0.8,0.6,"p00501"
"502",0.6,0.2,1.2,0.6,0.2,1,0.8,0.6,"p00502"
"503",0.2,0.6,1.2,0.6,0.2,1,0.8,0.6,"p00503"
"504",0.6,0.6,1.2,0.6,0.2,1,0.8,0.6,"p00504"
"505",0.2,0.2,0.8,0.2,0.6,1,0.8,0.6,"p00505"
"506",0.6,0.2,0.8,0.2,0.6,1,0.8,0.6,"p00506"
"507",0.2,0.6,0.8,0.2,0.6,1,0.8,0.6,"p00507"
"508",0.6,0.6,0.8,0.2,0.6,1,0.8,0.6,"p00508"
"509",0.2,0.2,1,0.2,0.6,1,0.8,0.6,"p00509"
"510",0.6,0.2,1,0.2,0.6,1,0.8,0.6,"p00510"
"511",0.2,0.6,1,0.2,0.6,1,0.8,0.6,"p00511"
"512",0.6,0.6,1,0.2,0.6,1,0.8,0.6,"p00512"
"513",0.2,0.2,1.2,0.2,0.6,1,0.8,0.6,"p00513"
"514",0.6,0.2,1.2,0.2,0.6,1,0.8,0.6,"p00514"
"515",0.2,0.6,1.2,0.2,0.6,1,0.8,0.6,"p00515"
"516",0.6,0.6,1.2,0.2,0.6,1,0.8,0.6,"p00516"
"517",0.2,0.2,0.8,0.6,0.6,1,0.8,0.6,"p00517"
"518",0.6,0.2,0.8,0.6,0.6,1,0.8,0.6,"p00518"
"519",0.2,0.6,0.8,0.6,0.6,1,0.8,0.6,"p00519"
"520",0.6,0.6,0.8,0.6,0.6,1,0.8,0.6,"p00520"
"521",0.2,0.2,1,0.6,0.6,1,0.8,0.6,"p00521"
"522",0.6,0.2,1,0.6,0.6,1,0.8,0.6,"p00522"
"523",0.2,0.6,1,0.6,0.6,1,0.8,0.6,"p00523"
"524",0.6,0.6,1,0.6,0.6,1,0.8,0.6,"p00524"
"525",0.2,0.2,1.2,0.6,0.6,1,0.8,0.6,"p00525"
"526",0.6,0.2,1.2,0.6,0.6,1,0.8,0.6,"p00526"
"527",0.2,0.6,1.2,0.6,0.6,1,0.8,0.6,"p00527"
"528",0.6,0.6,1.2,0.6,0.6,1,0.8,0.6,"p00528"
"529",0.2,0.2,0.8,0.2,0.2,1.2,0.8,0.6,"p00529"
"530",0.6,0.2,0.8,0.2,0.2,1.2,0.8,0.6,"p00530"
"531",0.2,0.6,0.8,0.2,0.2,1.2,0.8,0.6,"p00531"
"532",0.6,0.6,0.8,0.2,0.2,1.2,0.8,0.6,"p00532"
"533",0.2,0.2,1,0.2,0.2,1.2,0.8,0.6,"p00533"
"534",0.6,0.2,1,0.2,0.2,1.2,0.8,0.6,"p00534"
"535",0.2,0.6,1,0.2,0.2,1.2,0.8,0.6,"p00535"
"536",0.6,0.6,1,0.2,0.2,1.2,0.8,0.6,"p00536"
"537",0.2,0.2,1.2,0.2,0.2,1.2,0.8,0.6,"p00537"
"538",0.6,0.2,1.2,0.2,0.2,1.2,0.8,0.6,"p00538"
"539",0.2,0.6,1.2,0.2,0.2,1.2,0.8,0.6,"p00539"
"540",0.6,0.6,1.2,0.2,0.2,1.2,0.8,0.6,"p00540"
"541",0.2,0.2,0.8,0.6,0.2,1.2,0.8,0.6,"p00541"
"542",0.6,0.2,0.8,0.6,0.2,1.2,0.8,0.6,"p00542"
"543",0.2,0.6,0.8,0.6,0.2,1.2,0.8,0.6,"p00543"
"544",0.6,0.6,0.8,0.6,0.2,1.2,0.8,0.6,"p00544"
"545",0.2,0.2,1,0.6,0.2,1.2,0.8,0.6,"p00545"
"546",0.6,0.2,1,0.6,0.2,1.2,0.8,0.6,"p00546"
"547",0.2,0.6,1,0.6,0.2,1.2,0.8,0.6,"p00547"
"548",0.6,0.6,1,0.6,0.2,1.2,0.8,0.6,"p00548"
"549",0.2,0.2,1.2,0.6,0.2,1.2,0.8,0.6,"p00549"
"550",0.6,0.2,1.2,0.6,0.2,1.2,0.8,0.6,"p00550"
"551",0.2,0.6,1.2,0.6,0.2,1.2,0.8,0.6,"p00551"
"552",0.6,0.6,1.2,0.6,0.2,1.2,0.8,0.6,"p00552"
"553",0.2,0.2,0.8,0.2,0.6,1.2,0.8,0.6,"p00553"
"554",0.6,0.2,0.8,0.2,0.6,1.2,0.8,0.6,"p00554"
"555",0.2,0.6,0.8,0.2,0.6,1.2,0.8,0.6,"p00555"
"556",0.6,0.6,0.8,0.2,0.6,1.2,0.8,0.6,"p00556"
"557",0.2,0.2,1,0.2,0.6,1.2,0.8,0.6,"p00557"
"558",0.6,0.2,1,0.2,0.6,1.2,0.8,0.6,"p00558"
"559",0.2,0.6,1,0.2,0.6,1.2,0.8,0.6,"p00559"
"560",0.6,0.6,1,0.2,0.6,1.2,0.8,0.6,"p00560"
"561",0.2,0.2,1.2,0.2,0.6,1.2,0.8,0.6,"p00561"
"562",0.6,0.2,1.2,0.2,0.6,1.2,0.8,0.6,"p00562"
"563",0.2,0.6,1.2,0.2,0.6,1.2,0.8,0.6,"p00563"
"564",0.6,0.6,1.2,0.2,0.6,1.2,0.8,0.6,"p00564"
"565",0.2,0.2,0.8,0.6,0.6,1.2,0.8,0.6,"p00565"
"566",0.6,0.2,0.8,0.6,0.6,1.2,0.8,0.6,"p00566"
"567",0.2,0.6,0.8,0.6,0.6,1.2,0.8,0.6,"p00567"
"568",0.6,0.6,0.8,0.6,0.6,1.2,0.8,0.6,"p00568"
"569",0.2,0.2,1,0.6,0.6,1.2,0.8,0.6,"p00569"
"570",0.6,0.2,1,0.6,0.6,1.2,0.8,0.6,"p00570"
"571",0.2,0.6,1,0.6,0.6,1.2,0.8,0.6,"p00571"
"572",0.6,0.6,1,0.6,0.6,1.2,0.8,0.6,"p00572"
"573",0.2,0.2,1.2,0.6,0.6,1.2,0.8,0.6,"p00573"
"574",0.6,0.2,1.2,0.6,0.6,1.2,0.8,0.6,"p00574"
"575",0.2,0.6,1.2,0.6,0.6,1.2,0.8,0.6,"p00575"
"576",0.6,0.6,1.2,0.6,0.6,1.2,0.8,0.6,"p00576"
"577",0.2,0.2,0.8,0.2,0.2,0.7,1,0.6,"p00577"
"578",0.6,0.2,0.8,0.2,0.2,0.7,1,0.6,"p00578"
"579",0.2,0.6,0.8,0.2,0.2,0.7,1,0.6,"p00579"
"580",0.6,0.6,0.8,0.2,0.2,0.7,1,0.6,"p00580"
"581",0.2,0.2,1,0.2,0.2,0.7,1,0.6,"p00581"
"582",0.6,0.2,1,0.2,0.2,0.7,1,0.6,"p00582"
"583",0.2,0.6,1,0.2,0.2,0.7,1,0.6,"p00583"
"584",0.6,0.6,1,0.2,0.2,0.7,1,0.6,"p00584"
"585",0.2,0.2,1.2,0.2,0.2,0.7,1,0.6,"p00585"
"586",0.6,0.2,1.2,0.2,0.2,0.7,1,0.6,"p00586"
"587",0.2,0.6,1.2,0.2,0.2,0.7,1,0.6,"p00587"
"588",0.6,0.6,1.2,0.2,0.2,0.7,1,0.6,"p00588"
"589",0.2,0.2,0.8,0.6,0.2,0.7,1,0.6,"p00589"
"590",0.6,0.2,0.8,0.6,0.2,0.7,1,0.6,"p00590"
"591",0.2,0.6,0.8,0.6,0.2,0.7,1,0.6,"p00591"
"592",0.6,0.6,0.8,0.6,0.2,0.7,1,0.6,"p00592"
"593",0.2,0.2,1,0.6,0.2,0.7,1,0.6,"p00593"
"594",0.6,0.2,1,0.6,0.2,0.7,1,0.6,"p00594"
"595",0.2,0.6,1,0.6,0.2,0.7,1,0.6,"p00595"
"596",0.6,0.6,1,0.6,0.2,0.7,1,0.6,"p00596"
"597",0.2,0.2,1.2,0.6,0.2,0.7,1,0.6,"p00597"
"598",0.6,0.2,1.2,0.6,0.2,0.7,1,0.6,"p00598"
"599",0.2,0.6,1.2,0.6,0.2,0.7,1,0.6,"p00599"
"600",0.6,0.6,1.2,0.6,0.2,0.7,1,0.6,"p00600"
"601",0.2,0.2,0.8,0.2,0.6,0.7,1,0.6,"p00601"
"602",0.6,0.2,0.8,0.2,0.6,0.7,1,0.6,"p00602"
"603",0.2,0.6,0.8,0.2,0.6,0.7,1,0.6,"p00603"
"604",0.6,0.6,0.8,0.2,0.6,0.7,1,0.6,"p00604"
"605",0.2,0.2,1,0.2,0.6,0.7,1,0.6,"p00605"
"606",0.6,0.2,1,0.2,0.6,0.7,1,0.6,"p00606"
"607",0.2,0.6,1,0.2,0.6,0.7,1,0.6,"p00607"
"608",0.6,0.6,1,0.2,0.6,0.7,1,0.6,"p00608"
"609",0.2,0.2,1.2,0.2,0.6,0.7,1,0.6,"p00609"
"610",0.6,0.2,1.2,0.2,0.6,0.7,1,0.6,"p00610"
"611",0.2,0.6,1.2,0.2,0.6,0.7,1,0.6,"p00611"
"612",0.6,0.6,1.2,0.2,0.6,0.7,1,0.6,"p00612"
"613",0.2,0.2,0.8,0.6,0.6,0.7,1,0.6,"p00613"
"614",0.6,0.2,0.8,0.6,0.6,0.7,1,0.6,"p00614"
"615",0.2,0.6,0.8,0.6,0.6,0.7,1,0.6,"p00615"
"616",0.6,0.6,0.8,0.6,0.6,0.7,1,0.6,"p00616"
"617",0.2,0.2,1,0.6,0.6,0.7,1,0.6,"p00617"
"618",0.6,0.2,1,0.6,0.6,0.7,1,0.6,"p00618"
"619",0.2,0.6,1,0.6,0.6,0.7,1,0.6,"p00619"
"620",0.6,0.6,1,0.6,0.6,0.7,1,0.6,"p00620"
"621",0.2,0.2,1.2,0.6,0.6,0.7,1,0.6,"p00621"
"622",0.6,0.2,1.2,0.6,0.6,0.7,1,0.6,"p00622"
"623",0.2,0.6,1.2,0.6,0.6,0.7,1,0.6,"p00623"
"624",0.6,0.6,1.2,0.6,0.6,0.7,1,0.6,"p00624"
"625",0.2,0.2,0.8,0.2,0.2,1,1,0.6,"p00625"
"626",0.6,0.2,0.8,0.2,0.2,1,1,0.6,"p00626"
"627",0.2,0.6,0.8,0.2,0.2,1,1,0.6,"p00627"
"628",0.6,0.6,0.8,0.2,0.2,1,1,0.6,"p00628"
"629",0.2,0.2,1,0.2,0.2,1,1,0.6,"p00629"
"630",0.6,0.2,1,0.2,0.2,1,1,0.6,"p00630"
"631",0.2,0.6,1,0.2,0.2,1,1,0.6,"p00631"
"632",0.6,0.6,1,0.2,0.2,1,1,0.6,"p00632"
"633",0.2,0.2,1.2,0.2,0.2,1,1,0.6,"p00633"
"634",0.6,0.2,1.2,0.2,0.2,1,1,0.6,"p00634"
"635",0.2,0.6,1.2,0.2,0.2,1,1,0.6,"p00635"
"636",0.6,0.6,1.2,0.2,0.2,1,1,0.6,"p00636"
"637",0.2,0.2,0.8,0.6,0.2,1,1,0.6,"p00637"
"638",0.6,0.2,0.8,0.6,0.2,1,1,0.6,"p00638"
"639",0.2,0.6,0.8,0.6,0.2,1,1,0.6,"p00639"
"640",0.6,0.6,0.8,0.6,0.2,1,1,0.6,"p00640"
"641",0.2,0.2,1,0.6,0.2,1,1,0.6,"p00641"
"642",0.6,0.2,1,0.6,0.2,1,1,0.6,"p00642"
"643",0.2,0.6,1,0.6,0.2,1,1,0.6,"p00643"
"644",0.6,0.6,1,0.6,0.2,1,1,0.6,"p00644"
"645",0.2,0.2,1.2,0.6,0.2,1,1,0.6,"p00645"
"646",0.6,0.2,1.2,0.6,0.2,1,1,0.6,"p00646"
"647",0.2,0.6,1.2,0.6,0.2,1,1,0.6,"p00647"
"648",0.6,0.6,1.2,0.6,0.2,1,1,0.6,"p00648"
"649",0.2,0.2,0.8,0.2,0.6,1,1,0.6,"p00649"
"650",0.6,0.2,0.8,0.2,0.6,1,1,0.6,"p00650"
"651",0.2,0.6,0.8,0.2,0.6,1,1,0.6,"p00651"
"652",0.6,0.6,0.8,0.2,0.6,1,1,0.6,"p00652"
"653",0.2,0.2,1,0.2,0.6,1,1,0.6,"p00653"
"654",0.6,0.2,1,0.2,0.6,1,1,0.6,"p00654"
"655",0.2,0.6,1,0.2,0.6,1,1,0.6,"p00655"
"656",0.6,0.6,1,0.2,0.6,1,1,0.6,"p00656"
"657",0.2,0.2,1.2,0.2,0.6,1,1,0.6,"p00657"
"658",0.6,0.2,1.2,0.2,0.6,1,1,0.6,"p00658"
"659",0.2,0.6,1.2,0.2,0.6,1,1,0.6,"p00659"
"660",0.6,0.6,1.2,0.2,0.6,1,1,0.6,"p00660"
"661",0.2,0.2,0.8,0.6,0.6,1,1,0.6,"p00661"
"662",0.6,0.2,0.8,0.6,0.6,1,1,0.6,"p00662"
"663",0.2,0.6,0.8,0.6,0.6,1,1,0.6,"p00663"
"664",0.6,0.6,0.8,0.6,0.6,1,1,0.6,"p00664"
"665",0.2,0.2,1,0.6,0.6,1,1,0.6,"p00665"
"666",0.6,0.2,1,0.6,0.6,1,1,0.6,"p00666"
"667",0.2,0.6,1,0.6,0.6,1,1,0.6,"p00667"
"668",0.6,0.6,1,0.6,0.6,1,1,0.6,"p00668"
"669",0.2,0.2,1.2,0.6,0.6,1,1,0.6,"p00669"
"670",0.6,0.2,1.2,0.6,0.6,1,1,0.6,"p00670"
"671",0.2,0.6,1.2,0.6,0.6,1,1,0.6,"p00671"
"672",0.6,0.6,1.2,0.6,0.6,1,1,0.6,"p00672"
"673",0.2,0.2,0.8,0.2,0.2,1.2,1,0.6,"p00673"
"674",0.6,0.2,0.8,0.2,0.2,1.2,1,0.6,"p00674"
"675",0.2,0.6,0.8,0.2,0.2,1.2,1,0.6,"p00675"
"676",0.6,0.6,0.8,0.2,0.2,1.2,1,0.6,"p00676"
"677",0.2,0.2,1,0.2,0.2,1.2,1,0.6,"p00677"
"678",0.6,0.2,1,0.2,0.2,1.2,1,0.6,"p00678"
"679",0.2,0.6,1,0.2,0.2,1.2,1,0.6,"p00679"
"680",0.6,0.6,1,0.2,0.2,1.2,1,0.6,"p00680"
"681",0.2,0.2,1.2,0.2,0.2,1.2,1,0.6,"p00681"
"682",0.6,0.2,1.2,0.2,0.2,1.2,1,0.6,"p00682"
"683",0.2,0.6,1.2,0.2,0.2,1.2,1,0.6,"p00683"
"684",0.6,0.6,1.2,0.2,0.2,1.2,1,0.6,"p00684"
"685",0.2,0.2,0.8,0.6,0.2,1.2,1,0.6,"p00685"
"686",0.6,0.2,0.8,0.6,0.2,1.2,1,0.6,"p00686"
"687",0.2,0.6,0.8,0.6,0.2,1.2,1,0.6,"p00687"
"688",0.6,0.6,0.8,0.6,0.2,1.2,1,0.6,"p00688"
"689",0.2,0.2,1,0.6,0.2,1.2,1,0.6,"p00689"
"690",0.6,0.2,1,0.6,0.2,1.2,1,0.6,"p00690"
"691",0.2,0.6,1,0.6,0.2,1.2,1,0.6,"p00691"
"692",0.6,0.6,1,0.6,0.2,1.2,1,0.6,"p00692"
"693",0.2,0.2,1.2,0.6,0.2,1.2,1,0.6,"p00693"
"694",0.6,0.2,1.2,0.6,0.2,1.2,1,0.6,"p00694"
"695",0.2,0.6,1.2,0.6,0.2,1.2,1,0.6,"p00695"
"696",0.6,0.6,1.2,0.6,0.2,1.2,1,0.6,"p00696"
"697",0.2,0.2,0.8,0.2,0.6,1.2,1,0.6,"p00697"
"698",0.6,0.2,0.8,0.2,0.6,1.2,1,0.6,"p00698"
"699",0.2,0.6,0.8,0.2,0.6,1.2,1,0.6,"p00699"
"700",0.6,0.6,0.8,0.2,0.6,1.2,1,0.6,"p00700"
"701",0.2,0.2,1,0.2,0.6,1.2,1,0.6,"p00701"
"702",0.6,0.2,1,0.2,0.6,1.2,1,0.6,"p00702"
"703",0.2,0.6,1,0.2,0.6,1.2,1,0.6,"p00703"
"704",0.6,0.6,1,0.2,0.6,1.2,1,0.6,"p00704"
"705",0.2,0.2,1.2,0.2,0.6,1.2,1,0.6,"p00705"
"706",0.6,0.2,1.2,0.2,0.6,1.2,1,0.6,"p00706"
"707",0.2,0.6,1.2,0.2,0.6,1.2,1,0.6,"p00707"
"708",0.6,0.6,1.2,0.2,0.6,1.2,1,0.6,"p00708"
"709",0.2,0.2,0.8,0.6,0.6,1.2,1,0.6,"p00709"
"710",0.6,0.2,0.8,0.6,0.6,1.2,1,0.6,"p00710"
"711",0.2,0.6,0.8,0.6,0.6,1.2,1,0.6,"p00711"
"712",0.6,0.6,0.8,0.6,0.6,1.2,1,0.6,"p00712"
"713",0.2,0.2,1,0.6,0.6,1.2,1,0.6,"p00713"
"714",0.6,0.2,1,0.6,0.6,1.2,1,0.6,"p00714"
"715",0.2,0.6,1,0.6,0.6,1.2,1,0.6,"p00715"
"716",0.6,0.6,1,0.6,0.6,1.2,1,0.6,"p00716"
"717",0.2,0.2,1.2,0.6,0.6,1.2,1,0.6,"p00717"
"718",0.6,0.2,1.2,0.6,0.6,1.2,1,0.6,"p00718"
"719",0.2,0.6,1.2,0.6,0.6,1.2,1,0.6,"p00719"
"720",0.6,0.6,1.2,0.6,0.6,1.2,1,0.6,"p00720"
"721",0.2,0.2,0.8,0.2,0.2,0.7,1.2,0.6,"p00721"
"722",0.6,0.2,0.8,0.2,0.2,0.7,1.2,0.6,"p00722"
"723",0.2,0.6,0.8,0.2,0.2,0.7,1.2,0.6,"p00723"
"724",0.6,0.6,0.8,0.2,0.2,0.7,1.2,0.6,"p00724"
"725",0.2,0.2,1,0.2,0.2,0.7,1.2,0.6,"p00725"
"726",0.6,0.2,1,0.2,0.2,0.7,1.2,0.6,"p00726"
"727",0.2,0.6,1,0.2,0.2,0.7,1.2,0.6,"p00727"
"728",0.6,0.6,1,0.2,0.2,0.7,1.2,0.6,"p00728"
"729",0.2,0.2,1.2,0.2,0.2,0.7,1.2,0.6,"p00729"
"730",0.6,0.2,1.2,0.2,0.2,0.7,1.2,0.6,"p00730"
"731",0.2,0.6,1.2,0.2,0.2,0.7,1.2,0.6,"p00731"
"732",0.6,0.6,1.2,0.2,0.2,0.7,1.2,0.6,"p00732"
"733",0.2,0.2,0.8,0.6,0.2,0.7,1.2,0.6,"p00733"
"734",0.6,0.2,0.8,0.6,0.2,0.7,1.2,0.6,"p00734"
"735",0.2,0.6,0.8,0.6,0.2,0.7,1.2,0.6,"p00735"
"736",0.6,0.6,0.8,0.6,0.2,0.7,1.2,0.6,"p00736"
"737",0.2,0.2,1,0.6,0.2,0.7,1.2,0.6,"p00737"
"738",0.6,0.2,1,0.6,0.2,0.7,1.2,0.6,"p00738"
"739",0.2,0.6,1,0.6,0.2,0.7,1.2,0.6,"p00739"
"740",0.6,0.6,1,0.6,0.2,0.7,1.2,0.6,"p00740"
"741",0.2,0.2,1.2,0.6,0.2,0.7,1.2,0.6,"p00741"
"742",0.6,0.2,1.2,0.6,0.2,0.7,1.2,0.6,"p00742"
"743",0.2,0.6,1.2,0.6,0.2,0.7,1.2,0.6,"p00743"
"744",0.6,0.6,1.2,0.6,0.2,0.7,1.2,0.6,"p00744"
"745",0.2,0.2,0.8,0.2,0.6,0.7,1.2,0.6,"p00745"
"746",0.6,0.2,0.8,0.2,0.6,0.7,1.2,0.6,"p00746"
"747",0.2,0.6,0.8,0.2,0.6,0.7,1.2,0.6,"p00747"
"748",0.6,0.6,0.8,0.2,0.6,0.7,1.2,0.6,"p00748"
"749",0.2,0.2,1,0.2,0.6,0.7,1.2,0.6,"p00749"
"750",0.6,0.2,1,0.2,0.6,0.7,1.2,0.6,"p00750"
"751",0.2,0.6,1,0.2,0.6,0.7,1.2,0.6,"p00751"
"752",0.6,0.6,1,0.2,0.6,0.7,1.2,0.6,"p00752"
"753",0.2,0.2,1.2,0.2,0.6,0.7,1.2,0.6,"p00753"
"754",0.6,0.2,1.2,0.2,0.6,0.7,1.2,0.6,"p00754"
"755",0.2,0.6,1.2,0.2,0.6,0.7,1.2,0.6,"p00755"
"756",0.6,0.6,1.2,0.2,0.6,0.7,1.2,0.6,"p00756"
"757",0.2,0.2,0.8,0.6,0.6,0.7,1.2,0.6,"p00757"
"758",0.6,0.2,0.8,0.6,0.6,0.7,1.2,0.6,"p00758"
"759",0.2,0.6,0.8,0.6,0.6,0.7,1.2,0.6,"p00759"
"760",0.6,0.6,0.8,0.6,0.6,0.7,1.2,0.6,"p00760"
"761",0.2,0.2,1,0.6,0.6,0.7,1.2,0.6,"p00761"
"762",0.6,0.2,1,0.6,0.6,0.7,1.2,0.6,"p00762"
"763",0.2,0.6,1,0.6,0.6,0.7,1.2,0.6,"p00763"
"764",0.6,0.6,1,0.6,0.6,0.7,1.2,0.6,"p00764"
"765",0.2,0.2,1.2,0.6,0.6,0.7,1.2,0.6,"p00765"
"766",0.6,0.2,1.2,0.6,0.6,0.7,1.2,0.6,"p00766"
"767",0.2,0.6,1.2,0.6,0.6,0.7,1.2,0.6,"p00767"
"768",0.6,0.6,1.2,0.6,0.6,0.7,1.2,0.6,"p00768"
"769",0.2,0.2,0.8,0.2,0.2,1,1.2,0.6,"p00769"
"770",0.6,0.2,0.8,0.2,0.2,1,1.2,0.6,"p00770"
"771",0.2,0.6,0.8,0.2,0.2,1,1.2,0.6,"p00771"
"772",0.6,0.6,0.8,0.2,0.2,1,1.2,0.6,"p00772"
"773",0.2,0.2,1,0.2,0.2,1,1.2,0.6,"p00773"
"774",0.6,0.2,1,0.2,0.2,1,1.2,0.6,"p00774"
"775",0.2,0.6,1,0.2,0.2,1,1.2,0.6,"p00775"
"776",0.6,0.6,1,0.2,0.2,1,1.2,0.6,"p00776"
"777",0.2,0.2,1.2,0.2,0.2,1,1.2,0.6,"p00777"
"778",0.6,0.2,1.2,0.2,0.2,1,1.2,0.6,"p00778"
"779",0.2,0.6,1.2,0.2,0.2,1,1.2,0.6,"p00779"
"780",0.6,0.6,1.2,0.2,0.2,1,1.2,0.6,"p00780"
"781",0.2,0.2,0.8,0.6,0.2,1,1.2,0.6,"p00781"
"782",0.6,0.2,0.8,0.6,0.2,1,1.2,0.6,"p00782"
"783",0.2,0.6,0.8,0.6,0.2,1,1.2,0.6,"p00783"
"784",0.6,0.6,0.8,0.6,0.2,1,1.2,0.6,"p00784"
"785",0.2,0.2,1,0.6,0.2,1,1.2,0.6,"p00785"
"786",0.6,0.2,1,0.6,0.2,1,1.2,0.6,"p00786"
"787",0.2,0.6,1,0.6,0.2,1,1.2,0.6,"p00787"
"788",0.6,0.6,1,0.6,0.2,1,1.2,0.6,"p00788"
"789",0.2,0.2,1.2,0.6,0.2,1,1.2,0.6,"p00789"
"790",0.6,0.2,1.2,0.6,0.2,1,1.2,0.6,"p00790"
"791",0.2,0.6,1.2,0.6,0.2,1,1.2,0.6,"p00791"
"792",0.6,0.6,1.2,0.6,0.2,1,1.2,0.6,"p00792"
"793",0.2,0.2,0.8,0.2,0.6,1,1.2,0.6,"p00793"
"794",0.6,0.2,0.8,0.2,0.6,1,1.2,0.6,"p00794"
"795",0.2,0.6,0.8,0.2,0.6,1,1.2,0.6,"p00795"
"796",0.6,0.6,0.8,0.2,0.6,1,1.2,0.6,"p00796"
"797",0.2,0.2,1,0.2,0.6,1,1.2,0.6,"p00797"
"798",0.6,0.2,1,0.2,0.6,1,1.2,0.6,"p00798"
"799",0.2,0.6,1,0.2,0.6,1,1.2,0.6,"p00799"
"800",0.6,0.6,1,0.2,0.6,1,1.2,0.6,"p00800"
"801",0.2,0.2,1.2,0.2,0.6,1,1.2,0.6,"p00801"
"802",0.6,0.2,1.2,0.2,0.6,1,1.2,0.6,"p00802"
"803",0.2,0.6,1.2,0.2,0.6,1,1.2,0.6,"p00803"
"804",0.6,0.6,1.2,0.2,0.6,1,1.2,0.6,"p00804"
"805",0.2,0.2,0.8,0.6,0.6,1,1.2,0.6,"p00805"
"806",0.6,0.2,0.8,0.6,0.6,1,1.2,0.6,"p00806"
"807",0.2,0.6,0.8,0.6,0.6,1,1.2,0.6,"p00807"
"808",0.6,0.6,0.8,0.6,0.6,1,1.2,0.6,"p00808"
"809",0.2,0.2,1,0.6,0.6,1,1.2,0.6,"p00809"
"810",0.6,0.2,1,0.6,0.6,1,1.2,0.6,"p00810"
"811",0.2,0.6,1,0.6,0.6,1,1.2,0.6,"p00811"
"812",0.6,0.6,1,0.6,0.6,1,1.2,0.6,"p00812"
"813",0.2,0.2,1.2,0.6,0.6,1,1.2,0.6,"p00813"
"814",0.6,0.2,1.2,0.6,0.6,1,1.2,0.6,"p00814"
"815",0.2,0.6,1.2,0.6,0.6,1,1.2,0.6,"p00815"
"816",0.6,0.6,1.2,0.6,0.6,1,1.2,0.6,"p00816"
"817",0.2,0.2,0.8,0.2,0.2,1.2,1.2,0.6,"p00817"
"818",0.6,0.2,0.8,0.2,0.2,1.2,1.2,0.6,"p00818"
"819",0.2,0.6,0.8,0.2,0.2,1.2,1.2,0.6,"p00819"
"820",0.6,0.6,0.8,0.2,0.2,1.2,1.2,0.6,"p00820"
"821",0.2,0.2,1,0.2,0.2,1.2,1.2,0.6,"p00821"
"822",0.6,0.2,1,0.2,0.2,1.2,1.2,0.6,"p00822"
"823",0.2,0.6,1,0.2,0.2,1.2,1.2,0.6,"p00823"
"824",0.6,0.6,1,0.2,0.2,1.2,1.2,0.6,"p00824"
"825",0.2,0.2,1.2,0.2,0.2,1.2,1.2,0.6,"p00825"
"826",0.6,0.2,1.2,0.2,0.2,1.2,1.2,0.6,"p00826"
"827",0.2,0.6,1.2,0.2,0.2,1.2,1.2,0.6,"p00827"
"828",0.6,0.6,1.2,0.2,0.2,1.2,1.2,0.6,"p00828"
"829",0.2,0.2,0.8,0.6,0.2,1.2,1.2,0.6,"p00829"
"830",0.6,0.2,0.8,0.6,0.2,1.2,1.2,0.6,"p00830"
"831",0.2,0.6,0.8,0.6,0.2,1.2,1.2,0.6,"p00831"
"832",0.6,0.6,0.8,0.6,0.2,1.2,1.2,0.6,"p00832"
"833",0.2,0.2,1,0.6,0.2,1.2,1.2,0.6,"p00833"
"834",0.6,0.2,1,0.6,0.2,1.2,1.2,0.6,"p00834"
"835",0.2,0.6,1,0.6,0.2,1.2,1.2,0.6,"p00835"
"836",0.6,0.6,1,0.6,0.2,1.2,1.2,0.6,"p00836"
"837",0.2,0.2,1.2,0.6,0.2,1.2,1.2,0.6,"p00837"
"838",0.6,0.2,1.2,0.6,0.2,1.2,1.2,0.6,"p00838"
"839",0.2,0.6,1.2,0.6,0.2,1.2,1.2,0.6,"p00839"
"840",0.6,0.6,1.2,0.6,0.2,1.2,1.2,0.6,"p00840"
"841",0.2,0.2,0.8,0.2,0.6,1.2,1.2,0.6,"p00841"
"842",0.6,0.2,0.8,0.2,0.6,1.2,1.2,0.6,"p00842"
"843",0.2,0.6,0.8,0.2,0.6,1.2,1.2,0.6,"p00843"
"844",0.6,0.6,0.8,0.2,0.6,1.2,1.2,0.6,"p00844"
"845",0.2,0.2,1,0.2,0.6,1.2,1.2,0.6,"p00845"
"846",0.6,0.2,1,0.2,0.6,1.2,1.2,0.6,"p00846"
"847",0.2,0.6,1,0.2,0.6,1.2,1.2,0.6,"p00847"
"848",0.6,0.6,1,0.2,0.6,1.2,1.2,0.6,"p00848"
"849",0.2,0.2,1.2,0.2,0.6,1.2,1.2,0.6,"p00849"
"850",0.6,0.2,1.2,0.2,0.6,1.2,1.2,0.6,"p00850"
"851",0.2,0.6,1.2,0.2,0.6,1.2,1.2,0.6,"p00851"
"852",0.6,0.6,1.2,0.2,0.6,1.2,1.2,0.6,"p00852"
"853",0.2,0.2,0.8,0.6,0.6,1.2,1.2,0.6,"p00853"
"854",0.6,0.2,0.8,0.6,0.6,1.2,1.2,0.6,"p00854"
"855",0.2,0.6,0.8,0.6,0.6,1.2,1.2,0.6,"p00855"
"856",0.6,0.6,0.8,0.6,0.6,1.2,1.2,0.6,"p00856"
"857",0.2,0.2,1,0.6,0.6,1.2,1.2,0.6,"p00857"
"858",0.6,0.2,1,0.6,0.6,1.2,1.2,0.6,"p00858"
"859",0.2,0.6,1,0.6,0.6,1.2,1.2,0.6,"p00859"
"860",0.6,0.6,1,0.6,0.6,1.2,1.2,0.6,"p00860"
"861",0.2,0.2,1.2,0.6,0.6,1.2,1.2,0.6,"p00861"
"862",0.6,0.2,1.2,0.6,0.6,1.2,1.2,0.6,"p00862"
"863",0.2,0.6,1.2,0.6,0.6,1.2,1.2,0.6,"p00863"
"864",0.6,0.6,1.2,0.6,0.6,1.2,1.2,0.6,"p00864"
"865",0.2,0.2,0.8,0.2,0.2,0.7,0.8,0.7,"p00865"
"866",0.6,0.2,0.8,0.2,0.2,0.7,0.8,0.7,"p00866"
"867",0.2,0.6,0.8,0.2,0.2,0.7,0.8,0.7,"p00867"
"868",0.6,0.6,0.8,0.2,0.2,0.7,0.8,0.7,"p00868"
"869",0.2,0.2,1,0.2,0.2,0.7,0.8,0.7,"p00869"
"870",0.6,0.2,1,0.2,0.2,0.7,0.8,0.7,"p00870"
"871",0.2,0.6,1,0.2,0.2,0.7,0.8,0.7,"p00871"
"872",0.6,0.6,1,0.2,0.2,0.7,0.8,0.7,"p00872"
"873",0.2,0.2,1.2,0.2,0.2,0.7,0.8,0.7,"p00873"
"874",0.6,0.2,1.2,0.2,0.2,0.7,0.8,0.7,"p00874"
"875",0.2,0.6,1.2,0.2,0.2,0.7,0.8,0.7,"p00875"
"876",0.6,0.6,1.2,0.2,0.2,0.7,0.8,0.7,"p00876"
"877",0.2,0.2,0.8,0.6,0.2,0.7,0.8,0.7,"p00877"
"878",0.6,0.2,0.8,0.6,0.2,0.7,0.8,0.7,"p00878"
"879",0.2,0.6,0.8,0.6,0.2,0.7,0.8,0.7,"p00879"
"880",0.6,0.6,0.8,0.6,0.2,0.7,0.8,0.7,"p00880"
"881",0.2,0.2,1,0.6,0.2,0.7,0.8,0.7,"p00881"
"882",0.6,0.2,1,0.6,0.2,0.7,0.8,0.7,"p00882"
"883",0.2,0.6,1,0.6,0.2,0.7,0.8,0.7,"p00883"
"884",0.6,0.6,1,0.6,0.2,0.7,0.8,0.7,"p00884"
"885",0.2,0.2,1.2,0.6,0.2,0.7,0.8,0.7,"p00885"
"886",0.6,0.2,1.2,0.6,0.2,0.7,0.8,0.7,"p00886"
"887",0.2,0.6,1.2,0.6,0.2,0.7,0.8,0.7,"p00887"
"888",0.6,0.6,1.2,0.6,0.2,0.7,0.8,0.7,"p00888"
"889",0.2,0.2,0.8,0.2,0.6,0.7,0.8,0.7,"p00889"
"890",0.6,0.2,0.8,0.2,0.6,0.7,0.8,0.7,"p00890"
"891",0.2,0.6,0.8,0.2,0.6,0.7,0.8,0.7,"p00891"
"892",0.6,0.6,0.8,0.2,0.6,0.7,0.8,0.7,"p00892"
"893",0.2,0.2,1,0.2,0.6,0.7,0.8,0.7,"p00893"
"894",0.6,0.2,1,0.2,0.6,0.7,0.8,0.7,"p00894"
"895",0.2,0.6,1,0.2,0.6,0.7,0.8,0.7,"p00895"
"896",0.6,0.6,1,0.2,0.6,0.7,0.8,0.7,"p00896"
"897",0.2,0.2,1.2,0.2,0.6,0.7,0.8,0.7,"p00897"
"898",0.6,0.2,1.2,0.2,0.6,0.7,0.8,0.7,"p00898"
"899",0.2,0.6,1.2,0.2,0.6,0.7,0.8,0.7,"p00899"
"900",0.6,0.6,1.2,0.2,0.6,0.7,0.8,0.7,"p00900"
"901",0.2,0.2,0.8,0.6,0.6,0.7,0.8,0.7,"p00901"
"902",0.6,0.2,0.8,0.6,0.6,0.7,0.8,0.7,"p00902"
"903",0.2,0.6,0.8,0.6,0.6,0.7,0.8,0.7,"p00903"
"904",0.6,0.6,0.8,0.6,0.6,0.7,0.8,0.7,"p00904"
"905",0.2,0.2,1,0.6,0.6,0.7,0.8,0.7,"p00905"
"906",0.6,0.2,1,0.6,0.6,0.7,0.8,0.7,"p00906"
"907",0.2,0.6,1,0.6,0.6,0.7,0.8,0.7,"p00907"
"908",0.6,0.6,1,0.6,0.6,0.7,0.8,0.7,"p00908"
"909",0.2,0.2,1.2,0.6,0.6,0.7,0.8,0.7,"p00909"
"910",0.6,0.2,1.2,0.6,0.6,0.7,0.8,0.7,"p00910"
"911",0.2,0.6,1.2,0.6,0.6,0.7,0.8,0.7,"p00911"
"912",0.6,0.6,1.2,0.6,0.6,0.7,0.8,0.7,"p00912"
"913",0.2,0.2,0.8,0.2,0.2,1,0.8,0.7,"p00913"
"914",0.6,0.2,0.8,0.2,0.2,1,0.8,0.7,"p00914"
"915",0.2,0.6,0.8,0.2,0.2,1,0.8,0.7,"p00915"
"916",0.6,0.6,0.8,0.2,0.2,1,0.8,0.7,"p00916"
"917",0.2,0.2,1,0.2,0.2,1,0.8,0.7,"p00917"
"918",0.6,0.2,1,0.2,0.2,1,0.8,0.7,"p00918"
"919",0.2,0.6,1,0.2,0.2,1,0.8,0.7,"p00919"
"920",0.6,0.6,1,0.2,0.2,1,0.8,0.7,"p00920"
"921",0.2,0.2,1.2,0.2,0.2,1,0.8,0.7,"p00921"
"922",0.6,0.2,1.2,0.2,0.2,1,0.8,0.7,"p00922"
"923",0.2,0.6,1.2,0.2,0.2,1,0.8,0.7,"p00923"
"924",0.6,0.6,1.2,0.2,0.2,1,0.8,0.7,"p00924"
"925",0.2,0.2,0.8,0.6,0.2,1,0.8,0.7,"p00925"
"926",0.6,0.2,0.8,0.6,0.2,1,0.8,0.7,"p00926"
"927",0.2,0.6,0.8,0.6,0.2,1,0.8,0.7,"p00927"
"928",0.6,0.6,0.8,0.6,0.2,1,0.8,0.7,"p00928"
"929",0.2,0.2,1,0.6,0.2,1,0.8,0.7,"p00929"
"930",0.6,0.2,1,0.6,0.2,1,0.8,0.7,"p00930"
"931",0.2,0.6,1,0.6,0.2,1,0.8,0.7,"p00931"
"932",0.6,0.6,1,0.6,0.2,1,0.8,0.7,"p00932"
"933",0.2,0.2,1.2,0.6,0.2,1,0.8,0.7,"p00933"
"934",0.6,0.2,1.2,0.6,0.2,1,0.8,0.7,"p00934"
"935",0.2,0.6,1.2,0.6,0.2,1,0.8,0.7,"p00935"
"936",0.6,0.6,1.2,0.6,0.2,1,0.8,0.7,"p00936"
"937",0.2,0.2,0.8,0.2,0.6,1,0.8,0.7,"p00937"
"938",0.6,0.2,0.8,0.2,0.6,1,0.8,0.7,"p00938"
"939",0.2,0.6,0.8,0.2,0.6,1,0.8,0.7,"p00939"
"940",0.6,0.6,0.8,0.2,0.6,1,0.8,0.7,"p00940"
"941",0.2,0.2,1,0.2,0.6,1,0.8,0.7,"p00941"
"942",0.6,0.2,1,0.2,0.6,1,0.8,0.7,"p00942"
"943",0.2,0.6,1,0.2,0.6,1,0.8,0.7,"p00943"
"944",0.6,0.6,1,0.2,0.6,1,0.8,0.7,"p00944"
"945",0.2,0.2,1.2,0.2,0.6,1,0.8,0.7,"p00945"
"946",0.6,0.2,1.2,0.2,0.6,1,0.8,0.7,"p00946"
"947",0.2,0.6,1.2,0.2,0.6,1,0.8,0.7,"p00947"
"948",0.6,0.6,1.2,0.2,0.6,1,0.8,0.7,"p00948"
"949",0.2,0.2,0.8,0.6,0.6,1,0.8,0.7,"p00949"
"950",0.6,0.2,0.8,0.6,0.6,1,0.8,0.7,"p00950"
"951",0.2,0.6,0.8,0.6,0.6,1,0.8,0.7,"p00951"
"952",0.6,0.6,0.8,0.6,0.6,1,0.8,0.7,"p00952"
"953",0.2,0.2,1,0.6,0.6,1,0.8,0.7,"p00953"
"954",0.6,0.2,1,0.6,0.6,1,0.8,0.7,"p00954"
"955",0.2,0.6,1,0.6,0.6,1,0.8,0.7,"p00955"
"956",0.6,0.6,1,0.6,0.6,1,0.8,0.7,"p00956"
"957",0.2,0.2,1.2,0.6,0.6,1,0.8,0.7,"p00957"
"958",0.6,0.2,1.2,0.6,0.6,1,0.8,0.7,"p00958"
"959",0.2,0.6,1.2,0.6,0.6,1,0.8,0.7,"p00959"
"960",0.6,0.6,1.2,0.6,0.6,1,0.8,0.7,"p00960"
"961",0.2,0.2,0.8,0.2,0.2,1.2,0.8,0.7,"p00961"
"962",0.6,0.2,0.8,0.2,0.2,1.2,0.8,0.7,"p00962"
"963",0.2,0.6,0.8,0.2,0.2,1.2,0.8,0.7,"p00963"
"964",0.6,0.6,0.8,0.2,0.2,1.2,0.8,0.7,"p00964"
"965",0.2,0.2,1,0.2,0.2,1.2,0.8,0.7,"p00965"
"966",0.6,0.2,1,0.2,0.2,1.2,0.8,0.7,"p00966"
"967",0.2,0.6,1,0.2,0.2,1.2,0.8,0.7,"p00967"
"968",0.6,0.6,1,0.2,0.2,1.2,0.8,0.7,"p00968"
"969",0.2,0.2,1.2,0.2,0.2,1.2,0.8,0.7,"p00969"
"970",0.6,0.2,1.2,0.2,0.2,1.2,0.8,0.7,"p00970"
"971",0.2,0.6,1.2,0.2,0.2,1.2,0.8,0.7,"p00971"
"972",0.6,0.6,1.2,0.2,0.2,1.2,0.8,0.7,"p00972"
"973",0.2,0.2,0.8,0.6,0.2,1.2,0.8,0.7,"p00973"
"974",0.6,0.2,0.8,0.6,0.2,1.2,0.8,0.7,"p00974"
"975",0.2,0.6,0.8,0.6,0.2,1.2,0.8,0.7,"p00975"
"976",0.6,0.6,0.8,0.6,0.2,1.2,0.8,0.7,"p00976"
"977",0.2,0.2,1,0.6,0.2,1.2,0.8,0.7,"p00977"
"978",0.6,0.2,1,0.6,0.2,1.2,0.8,0.7,"p00978"
"979",0.2,0.6,1,0.6,0.2,1.2,0.8,0.7,"p00979"
"980",0.6,0.6,1,0.6,0.2,1.2,0.8,0.7,"p00980"
"981",0.2,0.2,1.2,0.6,0.2,1.2,0.8,0.7,"p00981"
"982",0.6,0.2,1.2,0.6,0.2,1.2,0.8,0.7,"p00982"
"983",0.2,0.6,1.2,0.6,0.2,1.2,0.8,0.7,"p00983"
"984",0.6,0.6,1.2,0.6,0.2,1.2,0.8,0.7,"p00984"
"985",0.2,0.2,0.8,0.2,0.6,1.2,0.8,0.7,"p00985"
"986",0.6,0.2,0.8,0.2,0.6,1.2,0.8,0.7,"p00986"
"987",0.2,0.6,0.8,0.2,0.6,1.2,0.8,0.7,"p00987"
"988",0.6,0.6,0.8,0.2,0.6,1.2,0.8,0.7,"p00988"
"989",0.2,0.2,1,0.2,0.6,1.2,0.8,0.7,"p00989"
"990",0.6,0.2,1,0.2,0.6,1.2,0.8,0.7,"p00990"
"991",0.2,0.6,1,0.2,0.6,1.2,0.8,0.7,"p00991"
"992",0.6,0.6,1,0.2,0.6,1.2,0.8,0.7,"p00992"
"993",0.2,0.2,1.2,0.2,0.6,1.2,0.8,0.7,"p00993"
"994",0.6,0.2,1.2,0.2,0.6,1.2,0.8,0.7,"p00994"
"995",0.2,0.6,1.2,0.2,0.6,1.2,0.8,0.7,"p00995"
"996",0.6,0.6,1.2,0.2,0.6,1.2,0.8,0.7,"p00996"
"997",0.2,0.2,0.8,0.6,0.6,1.2,0.8,0.7,"p00997"
"998",0.6,0.2,0.8,0.6,0.6,1.2,0.8,0.7,"p00998"
"999",0.2,0.6,0.8,0.6,0.6,1.2,0.8,0.7,"p00999"
"1000",0.6,0.6,0.8,0.6,0.6,1.2,0.8,0.7,"p01000"
"1001",0.2,0.2,1,0.6,0.6,1.2,0.8,0.7,"p01001"
"1002",0.6,0.2,1,0.6,0.6,1.2,0.8,0.7,"p01002"
"1003",0.2,0.6,1,0.6,0.6,1.2,0.8,0.7,"p01003"
"1004",0.6,0.6,1,0.6,0.6,1.2,0.8,0.7,"p01004"
"1005",0.2,0.2,1.2,0.6,0.6,1.2,0.8,0.7,"p01005"
"1006",0.6,0.2,1.2,0.6,0.6,1.2,0.8,0.7,"p01006"
"1007",0.2,0.6,1.2,0.6,0.6,1.2,0.8,0.7,"p01007"
"1008",0.6,0.6,1.2,0.6,0.6,1.2,0.8,0.7,"p01008"
"1009",0.2,0.2,0.8,0.2,0.2,0.7,1,0.7,"p01009"
"1010",0.6,0.2,0.8,0.2,0.2,0.7,1,0.7,"p01010"
"1011",0.2,0.6,0.8,0.2,0.2,0.7,1,0.7,"p01011"
"1012",0.6,0.6,0.8,0.2,0.2,0.7,1,0.7,"p01012"
"1013",0.2,0.2,1,0.2,0.2,0.7,1,0.7,"p01013"
"1014",0.6,0.2,1,0.2,0.2,0.7,1,0.7,"p01014"
"1015",0.2,0.6,1,0.2,0.2,0.7,1,0.7,"p01015"
"1016",0.6,0.6,1,0.2,0.2,0.7,1,0.7,"p01016"
"1017",0.2,0.2,1.2,0.2,0.2,0.7,1,0.7,"p01017"
"1018",0.6,0.2,1.2,0.2,0.2,0.7,1,0.7,"p01018"
"1019",0.2,0.6,1.2,0.2,0.2,0.7,1,0.7,"p01019"
"1020",0.6,0.6,1.2,0.2,0.2,0.7,1,0.7,"p01020"
"1021",0.2,0.2,0.8,0.6,0.2,0.7,1,0.7,"p01021"
"1022",0.6,0.2,0.8,0.6,0.2,0.7,1,0.7,"p01022"
"1023",0.2,0.6,0.8,0.6,0.2,0.7,1,0.7,"p01023"
"1024",0.6,0.6,0.8,0.6,0.2,0.7,1,0.7,"p01024"
"1025",0.2,0.2,1,0.6,0.2,0.7,1,0.7,"p01025"
"1026",0.6,0.2,1,0.6,0.2,0.7,1,0.7,"p01026"
"1027",0.2,0.6,1,0.6,0.2,0.7,1,0.7,"p01027"
"1028",0.6,0.6,1,0.6,0.2,0.7,1,0.7,"p01028"
"1029",0.2,0.2,1.2,0.6,0.2,0.7,1,0.7,"p01029"
"1030",0.6,0.2,1.2,0.6,0.2,0.7,1,0.7,"p01030"
"1031",0.2,0.6,1.2,0.6,0.2,0.7,1,0.7,"p01031"
"1032",0.6,0.6,1.2,0.6,0.2,0.7,1,0.7,"p01032"
"1033",0.2,0.2,0.8,0.2,0.6,0.7,1,0.7,"p01033"
"1034",0.6,0.2,0.8,0.2,0.6,0.7,1,0.7,"p01034"
"1035",0.2,0.6,0.8,0.2,0.6,0.7,1,0.7,"p01035"
"1036",0.6,0.6,0.8,0.2,0.6,0.7,1,0.7,"p01036"
"1037",0.2,0.2,1,0.2,0.6,0.7,1,0.7,"p01037"
"1038",0.6,0.2,1,0.2,0.6,0.7,1,0.7,"p01038"
"1039",0.2,0.6,1,0.2,0.6,0.7,1,0.7,"p01039"
"1040",0.6,0.6,1,0.2,0.6,0.7,1,0.7,"p01040"
"1041",0.2,0.2,1.2,0.2,0.6,0.7,1,0.7,"p01041"
"1042",0.6,0.2,1.2,0.2,0.6,0.7,1,0.7,"p01042"
"1043",0.2,0.6,1.2,0.2,0.6,0.7,1,0.7,"p01043"
"1044",0.6,0.6,1.2,0.2,0.6,0.7,1,0.7,"p01044"
"1045",0.2,0.2,0.8,0.6,0.6,0.7,1,0.7,"p01045"
"1046",0.6,0.2,0.8,0.6,0.6,0.7,1,0.7,"p01046"
"1047",0.2,0.6,0.8,0.6,0.6,0.7,1,0.7,"p01047"
"1048",0.6,0.6,0.8,0.6,0.6,0.7,1,0.7,"p01048"
"1049",0.2,0.2,1,0.6,0.6,0.7,1,0.7,"p01049"
"1050",0.6,0.2,1,0.6,0.6,0.7,1,0.7,"p01050"
"1051",0.2,0.6,1,0.6,0.6,0.7,1,0.7,"p01051"
"1052",0.6,0.6,1,0.6,0.6,0.7,1,0.7,"p01052"
"1053",0.2,0.2,1.2,0.6,0.6,0.7,1,0.7,"p01053"
"1054",0.6,0.2,1.2,0.6,0.6,0.7,1,0.7,"p01054"
"1055",0.2,0.6,1.2,0.6,0.6,0.7,1,0.7,"p01055"
"1056",0.6,0.6,1.2,0.6,0.6,0.7,1,0.7,"p01056"
"1057",0.2,0.2,0.8,0.2,0.2,1,1,0.7,"p01057"
"1058",0.6,0.2,0.8,0.2,0.2,1,1,0.7,"p01058"
"1059",0.2,0.6,0.8,0.2,0.2,1,1,0.7,"p01059"
"1060",0.6,0.6,0.8,0.2,0.2,1,1,0.7,"p01060"
"1061",0.2,0.2,1,0.2,0.2,1,1,0.7,"p01061"
"1062",0.6,0.2,1,0.2,0.2,1,1,0.7,"p01062"
"1063",0.2,0.6,1,0.2,0.2,1,1,0.7,"p01063"
"1064",0.6,0.6,1,0.2,0.2,1,1,0.7,"p01064"
"1065",0.2,0.2,1.2,0.2,0.2,1,1,0.7,"p01065"
"1066",0.6,0.2,1.2,0.2,0.2,1,1,0.7,"p01066"
"1067",0.2,0.6,1.2,0.2,0.2,1,1,0.7,"p01067"
"1068",0.6,0.6,1.2,0.2,0.2,1,1,0.7,"p01068"
"1069",0.2,0.2,0.8,0.6,0.2,1,1,0.7,"p01069"
"1070",0.6,0.2,0.8,0.6,0.2,1,1,0.7,"p01070"
"1071",0.2,0.6,0.8,0.6,0.2,1,1,0.7,"p01071"
"1072",0.6,0.6,0.8,0.6,0.2,1,1,0.7,"p01072"
"1073",0.2,0.2,1,0.6,0.2,1,1,0.7,"p01073"
"1074",0.6,0.2,1,0.6,0.2,1,1,0.7,"p01074"
"1075",0.2,0.6,1,0.6,0.2,1,1,0.7,"p01075"
"1076",0.6,0.6,1,0.6,0.2,1,1,0.7,"p01076"
"1077",0.2,0.2,1.2,0.6,0.2,1,1,0.7,"p01077"
"1078",0.6,0.2,1.2,0.6,0.2,1,1,0.7,"p01078"
"1079",0.2,0.6,1.2,0.6,0.2,1,1,0.7,"p01079"
"1080",0.6,0.6,1.2,0.6,0.2,1,1,0.7,"p01080"
"1081",0.2,0.2,0.8,0.2,0.6,1,1,0.7,"p01081"
"1082",0.6,0.2,0.8,0.2,0.6,1,1,0.7,"p01082"
"1083",0.2,0.6,0.8,0.2,0.6,1,1,0.7,"p01083"
"1084",0.6,0.6,0.8,0.2,0.6,1,1,0.7,"p01084"
"1085",0.2,0.2,1,0.2,0.6,1,1,0.7,"p01085"
"1086",0.6,0.2,1,0.2,0.6,1,1,0.7,"p01086"
"1087",0.2,0.6,1,0.2,0.6,1,1,0.7,"p01087"
"1088",0.6,0.6,1,0.2,0.6,1,1,0.7,"p01088"
"1089",0.2,0.2,1.2,0.2,0.6,1,1,0.7,"p01089"
"1090",0.6,0.2,1.2,0.2,0.6,1,1,0.7,"p01090"
"1091",0.2,0.6,1.2,0.2,0.6,1,1,0.7,"p01091"
"1092",0.6,0.6,1.2,0.2,0.6,1,1,0.7,"p01092"
"1093",0.2,0.2,0.8,0.6,0.6,1,1,0.7,"p01093"
"1094",0.6,0.2,0.8,0.6,0.6,1,1,0.7,"p01094"
"1095",0.2,0.6,0.8,0.6,0.6,1,1,0.7,"p01095"
"1096",0.6,0.6,0.8,0.6,0.6,1,1,0.7,"p01096"
"1097",0.2,0.2,1,0.6,0.6,1,1,0.7,"p01097"
"1098",0.6,0.2,1,0.6,0.6,1,1,0.7,"p01098"
"1099",0.2,0.6,1,0.6,0.6,1,1,0.7,"p01099"
"1100",0.6,0.6,1,0.6,0.6,1,1,0.7,"p01100"
"1101",0.2,0.2,1.2,0.6,0.6,1,1,0.7,"p01101"
"1102",0.6,0.2,1.2,0.6,0.6,1,1,0.7,"p01102"
"1103",0.2,0.6,1.2,0.6,0.6,1,1,0.7,"p01103"
"1104",0.6,0.6,1.2,0.6,0.6,1,1,0.7,"p01104"
"1105",0.2,0.2,0.8,0.2,0.2,1.2,1,0.7,"p01105"
"1106",0.6,0.2,0.8,0.2,0.2,1.2,1,0.7,"p01106"
"1107",0.2,0.6,0.8,0.2,0.2,1.2,1,0.7,"p01107"
"1108",0.6,0.6,0.8,0.2,0.2,1.2,1,0.7,"p01108"
"1109",0.2,0.2,1,0.2,0.2,1.2,1,0.7,"p01109"
"1110",0.6,0.2,1,0.2,0.2,1.2,1,0.7,"p01110"
"1111",0.2,0.6,1,0.2,0.2,1.2,1,0.7,"p01111"
"1112",0.6,0.6,1,0.2,0.2,1.2,1,0.7,"p01112"
"1113",0.2,0.2,1.2,0.2,0.2,1.2,1,0.7,"p01113"
"1114",0.6,0.2,1.2,0.2,0.2,1.2,1,0.7,"p01114"
"1115",0.2,0.6,1.2,0.2,0.2,1.2,1,0.7,"p01115"
"1116",0.6,0.6,1.2,0.2,0.2,1.2,1,0.7,"p01116"
"1117",0.2,0.2,0.8,0.6,0.2,1.2,1,0.7,"p01117"
"1118",0.6,0.2,0.8,0.6,0.2,1.2,1,0.7,"p01118"
"1119",0.2,0.6,0.8,0.6,0.2,1.2,1,0.7,"p01119"
"1120",0.6,0.6,0.8,0.6,0.2,1.2,1,0.7,"p01120"
"1121",0.2,0.2,1,0.6,0.2,1.2,1,0.7,"p01121"
"1122",0.6,0.2,1,0.6,0.2,1.2,1,0.7,"p01122"
"1123",0.2,0.6,1,0.6,0.2,1.2,1,0.7,"p01123"
"1124",0.6,0.6,1,0.6,0.2,1.2,1,0.7,"p01124"
"1125",0.2,0.2,1.2,0.6,0.2,1.2,1,0.7,"p01125"
"1126",0.6,0.2,1.2,0.6,0.2,1.2,1,0.7,"p01126"
"1127",0.2,0.6,1.2,0.6,0.2,1.2,1,0.7,"p01127"
"1128",0.6,0.6,1.2,0.6,0.2,1.2,1,0.7,"p01128"
"1129",0.2,0.2,0.8,0.2,0.6,1.2,1,0.7,"p01129"
"1130",0.6,0.2,0.8,0.2,0.6,1.2,1,0.7,"p01130"
"1131",0.2,0.6,0.8,0.2,0.6,1.2,1,0.7,"p01131"
"1132",0.6,0.6,0.8,0.2,0.6,1.2,1,0.7,"p01132"
"1133",0.2,0.2,1,0.2,0.6,1.2,1,0.7,"p01133"
"1134",0.6,0.2,1,0.2,0.6,1.2,1,0.7,"p01134"
"1135",0.2,0.6,1,0.2,0.6,1.2,1,0.7,"p01135"
"1136",0.6,0.6,1,0.2,0.6,1.2,1,0.7,"p01136"
"1137",0.2,0.2,1.2,0.2,0.6,1.2,1,0.7,"p01137"
"1138",0.6,0.2,1.2,0.2,0.6,1.2,1,0.7,"p01138"
"1139",0.2,0.6,1.2,0.2,0.6,1.2,1,0.7,"p01139"
"1140",0.6,0.6,1.2,0.2,0.6,1.2,1,0.7,"p01140"
"1141",0.2,0.2,0.8,0.6,0.6,1.2,1,0.7,"p01141"
"1142",0.6,0.2,0.8,0.6,0.6,1.2,1,0.7,"p01142"
"1143",0.2,0.6,0.8,0.6,0.6,1.2,1,0.7,"p01143"
"1144",0.6,0.6,0.8,0.6,0.6,1.2,1,0.7,"p01144"
"1145",0.2,0.2,1,0.6,0.6,1.2,1,0.7,"p01145"
"1146",0.6,0.2,1,0.6,0.6,1.2,1,0.7,"p01146"
"1147",0.2,0.6,1,0.6,0.6,1.2,1,0.7,"p01147"
"1148",0.6,0.6,1,0.6,0.6,1.2,1,0.7,"p01148"
"1149",0.2,0.2,1.2,0.6,0.6,1.2,1,0.7,"p01149"
"1150",0.6,0.2,1.2,0.6,0.6,1.2,1,0.7,"p01150"
"1151",0.2,0.6,1.2,0.6,0.6,1.2,1,0.7,"p01151"
"1152",0.6,0.6,1.2,0.6,0.6,1.2,1,0.7,"p01152"
"1153",0.2,0.2,0.8,0.2,0.2,0.7,1.2,0.7,"p01153"
"1154",0.6,0.2,0.8,0.2,0.2,0.7,1.2,0.7,"p01154"
"1155",0.2,0.6,0.8,0.2,0.2,0.7,1.2,0.7,"p01155"
"1156",0.6,0.6,0.8,0.2,0.2,0.7,1.2,0.7,"p01156"
"1157",0.2,0.2,1,0.2,0.2,0.7,1.2,0.7,"p01157"
"1158",0.6,0.2,1,0.2,0.2,0.7,1.2,0.7,"p01158"
"1159",0.2,0.6,1,0.2,0.2,0.7,1.2,0.7,"p01159"
"1160",0.6,0.6,1,0.2,0.2,0.7,1.2,0.7,"p01160"
"1161",0.2,0.2,1.2,0.2,0.2,0.7,1.2,0.7,"p01161"
"1162",0.6,0.2,1.2,0.2,0.2,0.7,1.2,0.7,"p01162"
"1163",0.2,0.6,1.2,0.2,0.2,0.7,1.2,0.7,"p01163"
"1164",0.6,0.6,1.2,0.2,0.2,0.7,1.2,0.7,"p01164"
"1165",0.2,0.2,0.8,0.6,0.2,0.7,1.2,0.7,"p01165"
"1166",0.6,0.2,0.8,0.6,0.2,0.7,1.2,0.7,"p01166"
"1167",0.2,0.6,0.8,0.6,0.2,0.7,1.2,0.7,"p01167"
"1168",0.6,0.6,0.8,0.6,0.2,0.7,1.2,0.7,"p01168"
"1169",0.2,0.2,1,0.6,0.2,0.7,1.2,0.7,"p01169"
"1170",0.6,0.2,1,0.6,0.2,0.7,1.2,0.7,"p01170"
"1171",0.2,0.6,1,0.6,0.2,0.7,1.2,0.7,"p01171"
"1172",0.6,0.6,1,0.6,0.2,0.7,1.2,0.7,"p01172"
"1173",0.2,0.2,1.2,0.6,0.2,0.7,1.2,0.7,"p01173"
"1174",0.6,0.2,1.2,0.6,0.2,0.7,1.2,0.7,"p01174"
"1175",0.2,0.6,1.2,0.6,0.2,0.7,1.2,0.7,"p01175"
"1176",0.6,0.6,1.2,0.6,0.2,0.7,1.2,0.7,"p01176"
"1177",0.2,0.2,0.8,0.2,0.6,0.7,1.2,0.7,"p01177"
"1178",0.6,0.2,0.8,0.2,0.6,0.7,1.2,0.7,"p01178"
"1179",0.2,0.6,0.8,0.2,0.6,0.7,1.2,0.7,"p01179"
"1180",0.6,0.6,0.8,0.2,0.6,0.7,1.2,0.7,"p01180"
"1181",0.2,0.2,1,0.2,0.6,0.7,1.2,0.7,"p01181"
"1182",0.6,0.2,1,0.2,0.6,0.7,1.2,0.7,"p01182"
"1183",0.2,0.6,1,0.2,0.6,0.7,1.2,0.7,"p01183"
"1184",0.6,0.6,1,0.2,0.6,0.7,1.2,0.7,"p01184"
"1185",0.2,0.2,1.2,0.2,0.6,0.7,1.2,0.7,"p01185"
"1186",0.6,0.2,1.2,0.2,0.6,0.7,1.2,0.7,"p01186"
"1187",0.2,0.6,1.2,0.2,0.6,0.7,1.2,0.7,"p01187"
"1188",0.6,0.6,1.2,0.2,0.6,0.7,1.2,0.7,"p01188"
"1189",0.2,0.2,0.8,0.6,0.6,0.7,1.2,0.7,"p01189"
"1190",0.6,0.2,0.8,0.6,0.6,0.7,1.2,0.7,"p01190"
"1191",0.2,0.6,0.8,0.6,0.6,0.7,1.2,0.7,"p01191"
"1192",0.6,0.6,0.8,0.6,0.6,0.7,1.2,0.7,"p01192"
"1193",0.2,0.2,1,0.6,0.6,0.7,1.2,0.7,"p01193"
"1194",0.6,0.2,1,0.6,0.6,0.7,1.2,0.7,"p01194"
"1195",0.2,0.6,1,0.6,0.6,0.7,1.2,0.7,"p01195"
"1196",0.6,0.6,1,0.6,0.6,0.7,1.2,0.7,"p01196"
"1197",0.2,0.2,1.2,0.6,0.6,0.7,1.2,0.7,"p01197"
"1198",0.6,0.2,1.2,0.6,0.6,0.7,1.2,0.7,"p01198"
"1199",0.2,0.6,1.2,0.6,0.6,0.7,1.2,0.7,"p01199"
"1200",0.6,0.6,1.2,0.6,0.6,0.7,1.2,0.7,"p01200"
"1201",0.2,0.2,0.8,0.2,0.2,1,1.2,0.7,"p01201"
"1202",0.6,0.2,0.8,0.2,0.2,1,1.2,0.7,"p01202"
"1203",0.2,0.6,0.8,0.2,0.2,1,1.2,0.7,"p01203"
"1204",0.6,0.6,0.8,0.2,0.2,1,1.2,0.7,"p01204"
"1205",0.2,0.2,1,0.2,0.2,1,1.2,0.7,"p01205"
"1206",0.6,0.2,1,0.2,0.2,1,1.2,0.7,"p01206"
"1207",0.2,0.6,1,0.2,0.2,1,1.2,0.7,"p01207"
"1208",0.6,0.6,1,0.2,0.2,1,1.2,0.7,"p01208"
"1209",0.2,0.2,1.2,0.2,0.2,1,1.2,0.7,"p01209"
"1210",0.6,0.2,1.2,0.2,0.2,1,1.2,0.7,"p01210"
"1211",0.2,0.6,1.2,0.2,0.2,1,1.2,0.7,"p01211"
"1212",0.6,0.6,1.2,0.2,0.2,1,1.2,0.7,"p01212"
"1213",0.2,0.2,0.8,0.6,0.2,1,1.2,0.7,"p01213"
"1214",0.6,0.2,0.8,0.6,0.2,1,1.2,0.7,"p01214"
"1215",0.2,0.6,0.8,0.6,0.2,1,1.2,0.7,"p01215"
"1216",0.6,0.6,0.8,0.6,0.2,1,1.2,0.7,"p01216"
"1217",0.2,0.2,1,0.6,0.2,1,1.2,0.7,"p01217"
"1218",0.6,0.2,1,0.6,0.2,1,1.2,0.7,"p01218"
"1219",0.2,0.6,1,0.6,0.2,1,1.2,0.7,"p01219"
"1220",0.6,0.6,1,0.6,0.2,1,1.2,0.7,"p01220"
"1221",0.2,0.2,1.2,0.6,0.2,1,1.2,0.7,"p01221"
"1222",0.6,0.2,1.2,0.6,0.2,1,1.2,0.7,"p01222"
"1223",0.2,0.6,1.2,0.6,0.2,1,1.2,0.7,"p01223"
"1224",0.6,0.6,1.2,0.6,0.2,1,1.2,0.7,"p01224"
"1225",0.2,0.2,0.8,0.2,0.6,1,1.2,0.7,"p01225"
"1226",0.6,0.2,0.8,0.2,0.6,1,1.2,0.7,"p01226"
"1227",0.2,0.6,0.8,0.2,0.6,1,1.2,0.7,"p01227"
"1228",0.6,0.6,0.8,0.2,0.6,1,1.2,0.7,"p01228"
"1229",0.2,0.2,1,0.2,0.6,1,1.2,0.7,"p01229"
"1230",0.6,0.2,1,0.2,0.6,1,1.2,0.7,"p01230"
"1231",0.2,0.6,1,0.2,0.6,1,1.2,0.7,"p01231"
"1232",0.6,0.6,1,0.2,0.6,1,1.2,0.7,"p01232"
"1233",0.2,0.2,1.2,0.2,0.6,1,1.2,0.7,"p01233"
"1234",0.6,0.2,1.2,0.2,0.6,1,1.2,0.7,"p01234"
"1235",0.2,0.6,1.2,0.2,0.6,1,1.2,0.7,"p01235"
"1236",0.6,0.6,1.2,0.2,0.6,1,1.2,0.7,"p01236"
"1237",0.2,0.2,0.8,0.6,0.6,1,1.2,0.7,"p01237"
"1238",0.6,0.2,0.8,0.6,0.6,1,1.2,0.7,"p01238"
"1239",0.2,0.6,0.8,0.6,0.6,1,1.2,0.7,"p01239"
"1240",0.6,0.6,0.8,0.6,0.6,1,1.2,0.7,"p01240"
"1241",0.2,0.2,1,0.6,0.6,1,1.2,0.7,"p01241"
"1242",0.6,0.2,1,0.6,0.6,1,1.2,0.7,"p01242"
"1243",0.2,0.6,1,0.6,0.6,1,1.2,0.7,"p01243"
"1244",0.6,0.6,1,0.6,0.6,1,1.2,0.7,"p01244"
"1245",0.2,0.2,1.2,0.6,0.6,1,1.2,0.7,"p01245"
"1246",0.6,0.2,1.2,0.6,0.6,1,1.2,0.7,"p01246"
"1247",0.2,0.6,1.2,0.6,0.6,1,1.2,0.7,"p01247"
"1248",0.6,0.6,1.2,0.6,0.6,1,1.2,0.7,"p01248"
"1249",0.2,0.2,0.8,0.2,0.2,1.2,1.2,0.7,"p01249"
"1250",0.6,0.2,0.8,0.2,0.2,1.2,1.2,0.7,"p01250"
"1251",0.2,0.6,0.8,0.2,0.2,1.2,1.2,0.7,"p01251"
"1252",0.6,0.6,0.8,0.2,0.2,1.2,1.2,0.7,"p01252"
"1253",0.2,0.2,1,0.2,0.2,1.2,1.2,0.7,"p01253"
"1254",0.6,0.2,1,0.2,0.2,1.2,1.2,0.7,"p01254"
"1255",0.2,0.6,1,0.2,0.2,1.2,1.2,0.7,"p01255"
"1256",0.6,0.6,1,0.2,0.2,1.2,1.2,0.7,"p01256"
"1257",0.2,0.2,1.2,0.2,0.2,1.2,1.2,0.7,"p01257"
"1258",0.6,0.2,1.2,0.2,0.2,1.2,1.2,0.7,"p01258"
"1259",0.2,0.6,1.2,0.2,0.2,1.2,1.2,0.7,"p01259"
"1260",0.6,0.6,1.2,0.2,0.2,1.2,1.2,0.7,"p01260"
"1261",0.2,0.2,0.8,0.6,0.2,1.2,1.2,0.7,"p01261"
"1262",0.6,0.2,0.8,0.6,0.2,1.2,1.2,0.7,"p01262"
"1263",0.2,0.6,0.8,0.6,0.2,1.2,1.2,0.7,"p01263"
"1264",0.6,0.6,0.8,0.6,0.2,1.2,1.2,0.7,"p01264"
"1265",0.2,0.2,1,0.6,0.2,1.2,1.2,0.7,"p01265"
"1266",0.6,0.2,1,0.6,0.2,1.2,1.2,0.7,"p01266"
"1267",0.2,0.6,1,0.6,0.2,1.2,1.2,0.7,"p01267"
"1268",0.6,0.6,1,0.6,0.2,1.2,1.2,0.7,"p01268"
"1269",0.2,0.2,1.2,0.6,0.2,1.2,1.2,0.7,"p01269"
"1270",0.6,0.2,1.2,0.6,0.2,1.2,1.2,0.7,"p01270"
"1271",0.2,0.6,1.2,0.6,0.2,1.2,1.2,0.7,"p01271"
"1272",0.6,0.6,1.2,0.6,0.2,1.2,1.2,0.7,"p01272"
"1273",0.2,0.2,0.8,0.2,0.6,1.2,1.2,0.7,"p01273"
"1274",0.6,0.2,0.8,0.2,0.6,1.2,1.2,0.7,"p01274"
"1275",0.2,0.6,0.8,0.2,0.6,1.2,1.2,0.7,"p01275"
"1276",0.6,0.6,0.8,0.2,0.6,1.2,1.2,0.7,"p01276"
"1277",0.2,0.2,1,0.2,0.6,1.2,1.2,0.7,"p01277"
"1278",0.6,0.2,1,0.2,0.6,1.2,1.2,0.7,"p01278"
"1279",0.2,0.6,1,0.2,0.6,1.2,1.2,0.7,"p01279"
"1280",0.6,0.6,1,0.2,0.6,1.2,1.2,0.7,"p01280"
"1281",0.2,0.2,1.2,0.2,0.6,1.2,1.2,0.7,"p01281"
"1282",0.6,0.2,1.2,0.2,0.6,1.2,1.2,0.7,"p01282"
"1283",0.2,0.6,1.2,0.2,0.6,1.2,1.2,0.7,"p01283"
"1284",0.6,0.6,1.2,0.2,0.6,1.2,1.2,0.7,"p01284"
"1285",0.2,0.2,0.8,0.6,0.6,1.2,1.2,0.7,"p01285"
"1286",0.6,0.2,0.8,0.6,0.6,1.2,1.2,0.7,"p01286"
"1287",0.2,0.6,0.8,0.6,0.6,1.2,1.2,0.7,"p01287"
"1288",0.6,0.6,0.8,0.6,0.6,1.2,1.2,0.7,"p01288"
"1289",0.2,0.2,1,0.6,0.6,1.2,1.2,0.7,"p01289"
"1290",0.6,0.2,1,0.6,0.6,1.2,1.2,0.7,"p01290"
"1291",0.2,0.6,1,0.6,0.6,1.2,1.2,0.7,"p01291"
"1292",0.6,0.6,1,0.6,0.6,1.2,1.2,0.7,"p01292"
"1293",0.2,0.2,1.2,0.6,0.6,1.2,1.2,0.7,"p01293"
"1294",0.6,0.2,1.2,0.6,0.6,1.2,1.2,0.7,"p01294"
"1295",0.2,0.6,1.2,0.6,0.6,1.2,1.2,0.7,"p01295"
"1296",0.6,0.6,1.2,0.6,0.6,1.2,1.2,0.7,"p01296"
