"","activity01","activity02","activity03","activity04","activity05","activity06","activity07","activity08","activity09","activity10","activity11","activity12","activity13","activity14","activity15","activity16","activity17","activity18","activity19","activity20","activity21","activity22","activity23","activity24","activity25","activity26","activity27","activity28","activity29","activity30","activity31","activity32","activity33","activity34","activity35","activity36","activity37","activity38","activity39","activity40","activity41","activity42","activity43","activity44","activity45","activity46","activity47","activity48","activity49","activity50","activity51","activity52","activity53","activity54","activity55","activity56","activity57","activity58","activity59","activity60","activity61","activity62","activity63","activity64","activity65","activity66","activity67","activity68","activity69","activity70","activity71","activity72"
"Ahaus",5,5,5,5,5,5,5,5,5,5,5,5,5,5,5,5,5,5,5,5,5,5,5,5,5,5,5,5,5,5,5,5,5,5,5,5,5,5,5,5,5,5,5,5,5,5,5,5,5,5,5,5,5,5,5,5,5,5,5,5,1,1,1,1,1,1,1,1,1,1,1,1
"Beckum",1,1,1,1,5,5,1,1,1,5,5,1,1,5,1,1,5,1,1,1,5,5,1,1,5,1,1,5,1,1,5,1,1,1,5,5,1,1,5,1,1,5,1,1,5,1,1,5,1,1,5,1,1,5,1,1,5,1,1,5,5,5,5,5,5,5,5,5,5,5,5,5
"Bruehl",1,1,1,1,5,5,1,1,1,5,5,1,1,5,1,1,5,1,1,1,5,5,1,1,5,1,1,5,1,1,5,1,1,1,5,5,1,1,5,1,1,5,1,1,5,1,1,5,1,1,5,1,1,5,1,1,5,1,1,5,5,5,5,5,5,5,5,5,5,5,5,5
"Hoevelhof",5,5,5,5,5,5,5,5,5,5,5,5,5,5,5,5,5,5,5,5,5,5,5,5,5,5,5,5,5,5,5,5,5,5,5,5,5,5,5,5,5,5,5,5,5,5,5,5,5,5,5,5,5,5,5,5,5,5,5,5,1,1,1,1,1,1,1,1,1,1,1,1
"Hopsten",1,1,1,1,5,5,1,1,1,5,5,1,1,5,1,1,5,1,1,1,5,5,1,1,5,1,1,5,1,1,5,1,1,1,5,5,1,1,5,1,1,5,1,1,5,1,1,5,1,1,5,1,1,5,1,1,5,1,1,5,5,5,5,5,5,5,5,5,5,5,5,5
"Lippetal",5,5,5,5,5,5,5,5,5,5,5,5,5,5,5,5,5,5,5,5,5,5,5,5,5,5,5,5,5,5,5,5,5,5,5,5,5,5,5,5,5,5,5,5,5,5,5,5,5,5,5,5,5,5,5,5,5,5,5,5,1,1,1,1,1,1,1,1,1,1,1,1
"Nottuln",5,5,5,5,1,1,5,5,5,1,1,5,5,1,5,5,1,5,5,5,1,1,5,5,1,5,5,1,5,5,1,5,5,5,1,1,5,5,1,5,5,1,5,5,1,5,5,1,5,5,1,5,5,1,5,5,1,5,5,1,5,5,5,5,5,5,5,5,5,5,5,5
"Ostbevern",5,5,5,5,1,1,5,5,5,1,1,5,5,1,5,5,1,5,5,5,1,1,5,5,1,5,5,1,5,5,1,5,5,5,1,1,5,5,1,5,5,1,5,5,1,5,5,1,5,5,1,5,5,1,5,5,1,5,5,1,5,5,5,5,5,5,5,5,5,5,5,5
"Greven",5,5,5,5,1,1,5,5,5,1,1,5,5,1,5,5,1,5,5,5,1,1,5,5,1,5,5,1,5,5,1,5,5,5,1,1,5,5,1,5,5,1,5,5,1,5,5,1,5,5,1,5,5,1,5,5,1,5,5,1,5,5,5,5,5,5,5,5,5,5,5,5
"Hamm",5,5,5,5,1,1,5,5,5,1,1,5,5,1,5,5,1,5,5,5,1,1,5,5,1,5,5,1,5,5,1,5,5,5,1,1,5,5,1,5,5,1,5,5,1,5,5,1,5,5,1,5,5,1,5,5,1,5,5,1,5,5,5,5,5,5,5,5,5,5,5,5
"Hamminkeln",5,5,5,5,5,5,5,5,5,5,5,5,5,5,5,5,5,5,5,5,5,5,5,5,5,5,5,5,5,5,5,5,5,5,5,5,5,5,5,5,5,5,5,5,5,5,5,5,5,5,5,5,5,5,5,5,5,5,5,5,1,1,1,1,1,1,1,1,1,1,1,1
"Mechernich",5,5,5,5,1,1,5,5,5,1,1,5,5,1,5,5,1,5,5,5,1,1,5,5,1,5,5,1,5,5,1,5,5,5,1,1,5,5,1,5,5,1,5,5,1,5,5,1,5,5,1,5,5,1,5,5,1,5,5,1,5,5,5,5,5,5,5,5,5,5,5,5
"Moenchengladbach",5,5,5,5,1,1,5,5,5,1,1,5,5,1,5,5,1,5,5,5,1,1,5,5,1,5,5,1,5,5,1,5,5,5,1,1,5,5,1,5,5,1,5,5,1,5,5,1,5,5,1,5,5,1,5,5,1,5,5,1,5,5,5,5,5,5,5,5,5,5,5,5
"Salzkotten",5,5,5,5,5,5,5,5,5,5,5,5,5,5,5,5,5,5,5,5,5,5,5,5,5,5,5,5,5,5,5,5,5,5,5,5,5,5,5,5,5,5,5,5,5,5,5,5,5,5,5,5,5,5,5,5,5,5,5,5,1,1,1,1,1,1,1,1,1,1,1,1
"Selm",5,5,5,5,5,5,5,5,5,5,5,5,5,5,5,5,5,5,5,5,5,5,5,5,5,5,5,5,5,5,5,5,5,5,5,5,5,5,5,5,5,5,5,5,5,5,5,5,5,5,5,5,5,5,5,5,5,5,5,5,1,1,1,1,1,1,1,1,1,1,1,1
"Lotte",1,1,1,1,5,5,1,1,1,5,5,1,1,5,1,1,5,1,1,1,5,5,1,1,5,1,1,5,1,1,5,1,1,1,5,5,1,1,5,1,1,5,1,1,5,1,1,5,1,1,5,1,1,5,1,1,5,1,1,5,5,5,5,5,5,5,5,5,5,5,5,5
"Holzwickede",5,5,5,5,1,1,5,5,5,1,1,5,5,1,5,5,1,5,5,5,1,1,5,5,1,5,5,1,5,5,1,5,5,5,1,1,5,5,1,5,5,1,5,5,1,5,5,1,5,5,1,5,5,1,5,5,1,5,5,1,5,5,5,5,5,5,5,5,5,5,5,5
"Juechen",5,5,5,5,5,5,5,5,5,5,5,5,5,5,5,5,5,5,5,5,5,5,5,5,5,5,5,5,5,5,5,5,5,5,5,5,5,5,5,5,5,5,5,5,5,5,5,5,5,5,5,5,5,5,5,5,5,5,5,5,1,1,1,1,1,1,1,1,1,1,1,1
"Luedinghausen",5,5,5,5,5,5,5,5,5,5,5,5,5,5,5,5,5,5,5,5,5,5,5,5,5,5,5,5,5,5,5,5,5,5,5,5,5,5,5,5,5,5,5,5,5,5,5,5,5,5,5,5,5,5,5,5,5,5,5,5,1,1,1,1,1,1,1,1,1,1,1,1
"Hilden",1,1,1,1,5,5,1,1,1,5,5,1,1,5,1,1,5,1,1,1,5,5,1,1,5,1,1,5,1,1,5,1,1,1,5,5,1,1,5,1,1,5,1,1,5,1,1,5,1,1,5,1,1,5,1,1,5,1,1,5,5,5,5,5,5,5,5,5,5,5,5,5
"Borgholzhausen",5,5,5,5,5,5,5,5,5,5,5,5,5,5,5,5,5,5,5,5,5,5,5,5,5,5,5,5,5,5,5,5,5,5,5,5,5,5,5,5,5,5,5,5,5,5,5,5,5,5,5,5,5,5,5,5,5,5,5,5,1,1,1,1,1,1,1,1,1,1,1,1
"Kirchlengern",1,1,1,1,5,5,1,1,1,5,5,1,1,5,1,1,5,1,1,1,5,5,1,1,5,1,1,5,1,1,5,1,1,1,5,5,1,1,5,1,1,5,1,1,5,1,1,5,1,1,5,1,1,5,1,1,5,1,1,5,5,5,5,5,5,5,5,5,5,5,5,5
"Marienmuenster",5,5,5,5,5,5,5,5,5,5,5,5,5,5,5,5,5,5,5,5,5,5,5,5,5,5,5,5,5,5,5,5,5,5,5,5,5,5,5,5,5,5,5,5,5,5,5,5,5,5,5,5,5,5,5,5,5,5,5,5,1,1,1,1,1,1,1,1,1,1,1,1
"Sonsbeck",5,5,5,5,1,1,5,5,5,1,1,5,5,1,5,5,1,5,5,5,1,1,5,5,1,5,5,1,5,5,1,5,5,5,1,1,5,5,1,5,5,1,5,5,1,5,5,1,5,5,1,5,5,1,5,5,1,5,5,1,5,5,5,5,5,5,5,5,5,5,5,5
"Straelen",5,5,5,5,5,5,5,5,5,5,5,5,5,5,5,5,5,5,5,5,5,5,5,5,5,5,5,5,5,5,5,5,5,5,5,5,5,5,5,5,5,5,5,5,5,5,5,5,5,5,5,5,5,5,5,5,5,5,5,5,1,1,1,1,1,1,1,1,1,1,1,1
"Wuppertal",5,5,5,5,5,5,5,5,5,5,5,5,5,5,5,5,5,5,5,5,5,5,5,5,5,5,5,5,5,5,5,5,5,5,5,5,5,5,5,5,5,5,5,5,5,5,5,5,5,5,5,5,5,5,5,5,5,5,5,5,1,1,1,1,1,1,1,1,1,1,1,1
"Suedlohn",5,5,5,5,1,1,5,5,5,1,1,5,5,1,5,5,1,5,5,5,1,1,5,5,1,5,5,1,5,5,1,5,5,5,1,1,5,5,1,5,5,1,5,5,1,5,5,1,5,5,1,5,5,1,5,5,1,5,5,1,5,5,5,5,5,5,5,5,5,5,5,5
"Leverkusen",1,1,1,1,5,5,1,1,1,5,5,1,1,5,1,1,5,1,1,1,5,5,1,1,5,1,1,5,1,1,5,1,1,1,5,5,1,1,5,1,1,5,1,1,5,1,1,5,1,1,5,1,1,5,1,1,5,1,1,5,5,5,5,5,5,5,5,5,5,5,5,5
"Schwerte",5,5,5,5,5,5,5,5,5,5,5,5,5,5,5,5,5,5,5,5,5,5,5,5,5,5,5,5,5,5,5,5,5,5,5,5,5,5,5,5,5,5,5,5,5,5,5,5,5,5,5,5,5,5,5,5,5,5,5,5,1,1,1,1,1,1,1,1,1,1,1,1
"Engelskirchen",5,5,5,5,5,5,5,5,5,5,5,5,5,5,5,5,5,5,5,5,5,5,5,5,5,5,5,5,5,5,5,5,5,5,5,5,5,5,5,5,5,5,5,5,5,5,5,5,5,5,5,5,5,5,5,5,5,5,5,5,1,1,1,1,1,1,1,1,1,1,1,1
"Werl",5,5,5,5,1,1,5,5,5,1,1,5,5,1,5,5,1,5,5,5,1,1,5,5,1,5,5,1,5,5,1,5,5,5,1,1,5,5,1,5,5,1,5,5,1,5,5,1,5,5,1,5,5,1,5,5,1,5,5,1,5,5,5,5,5,5,5,5,5,5,5,5
"Wesseling",5,5,5,5,5,5,5,5,5,5,5,5,5,5,5,5,5,5,5,5,5,5,5,5,5,5,5,5,5,5,5,5,5,5,5,5,5,5,5,5,5,5,5,5,5,5,5,5,5,5,5,5,5,5,5,5,5,5,5,5,1,1,1,1,1,1,1,1,1,1,1,1
"Tecklenburg",1,1,1,1,5,5,1,1,1,5,5,1,1,5,1,1,5,1,1,1,5,5,1,1,5,1,1,5,1,1,5,1,1,1,5,5,1,1,5,1,1,5,1,1,5,1,1,5,1,1,5,1,1,5,1,1,5,1,1,5,5,5,5,5,5,5,5,5,5,5,5,5
"Mettmann",5,5,5,5,1,1,5,5,5,1,1,5,5,1,5,5,1,5,5,5,1,1,5,5,1,5,5,1,5,5,1,5,5,5,1,1,5,5,1,5,5,1,5,5,1,5,5,1,5,5,1,5,5,1,5,5,1,5,5,1,5,5,5,5,5,5,5,5,5,5,5,5
"Bocholt",5,5,5,5,1,1,5,5,5,1,1,5,5,1,5,5,1,5,5,5,1,1,5,5,1,5,5,1,5,5,1,5,5,5,1,1,5,5,1,5,5,1,5,5,1,5,5,1,5,5,1,5,5,1,5,5,1,5,5,1,5,5,5,5,5,5,5,5,5,5,5,5
"Schleiden",5,5,5,5,1,1,5,5,5,1,1,5,5,1,5,5,1,5,5,5,1,1,5,5,1,5,5,1,5,5,1,5,5,5,1,1,5,5,1,5,5,1,5,5,1,5,5,1,5,5,1,5,5,1,5,5,1,5,5,1,5,5,5,5,5,5,5,5,5,5,5,5
"Ratingen",5,5,5,5,1,1,5,5,5,1,1,5,5,1,5,5,1,5,5,5,1,1,5,5,1,5,5,1,5,5,1,5,5,5,1,1,5,5,1,5,5,1,5,5,1,5,5,1,5,5,1,5,5,1,5,5,1,5,5,1,5,5,5,5,5,5,5,5,5,5,5,5
"Meerbusch",5,5,5,5,1,1,5,5,5,1,1,5,5,1,5,5,1,5,5,5,1,1,5,5,1,5,5,1,5,5,1,5,5,5,1,1,5,5,1,5,5,1,5,5,1,5,5,1,5,5,1,5,5,1,5,5,1,5,5,1,5,5,5,5,5,5,5,5,5,5,5,5
"Hellenthal",5,5,5,5,5,5,5,5,5,5,5,5,5,5,5,5,5,5,5,5,5,5,5,5,5,5,5,5,5,5,5,5,5,5,5,5,5,5,5,5,5,5,5,5,5,5,5,5,5,5,5,5,5,5,5,5,5,5,5,5,1,1,1,1,1,1,1,1,1,1,1,1
"UebachPalenberg",5,5,5,5,1,1,5,5,5,1,1,5,5,1,5,5,1,5,5,5,1,1,5,5,1,5,5,1,5,5,1,5,5,5,1,1,5,5,1,5,5,1,5,5,1,5,5,1,5,5,1,5,5,1,5,5,1,5,5,1,5,5,5,5,5,5,5,5,5,5,5,5
"Bestwig",5,5,5,5,1,1,5,5,5,1,1,5,5,1,5,5,1,5,5,5,1,1,5,5,1,5,5,1,5,5,1,5,5,5,1,1,5,5,1,5,5,1,5,5,1,5,5,1,5,5,1,5,5,1,5,5,1,5,5,1,5,5,5,5,5,5,5,5,5,5,5,5
"Lengerich",1,1,1,1,5,5,1,1,1,5,5,1,1,5,1,1,5,1,1,1,5,5,1,1,5,1,1,5,1,1,5,1,1,1,5,5,1,1,5,1,1,5,1,1,5,1,1,5,1,1,5,1,1,5,1,1,5,1,1,5,5,5,5,5,5,5,5,5,5,5,5,5
"Radevormwald",1,1,1,1,5,5,1,1,1,5,5,1,1,5,1,1,5,1,1,1,5,5,1,1,5,1,1,5,1,1,5,1,1,1,5,5,1,1,5,1,1,5,1,1,5,1,1,5,1,1,5,1,1,5,1,1,5,1,1,5,5,5,5,5,5,5,5,5,5,5,5,5
"Siegen",5,5,5,5,1,1,5,5,5,1,1,5,5,1,5,5,1,5,5,5,1,1,5,5,1,5,5,1,5,5,1,5,5,5,1,1,5,5,1,5,5,1,5,5,1,5,5,1,5,5,1,5,5,1,5,5,1,5,5,1,5,5,5,5,5,5,5,5,5,5,5,5
"Soest",5,5,5,5,1,1,5,5,5,1,1,5,5,1,5,5,1,5,5,5,1,1,5,5,1,5,5,1,5,5,1,5,5,5,1,1,5,5,1,5,5,1,5,5,1,5,5,1,5,5,1,5,5,1,5,5,1,5,5,1,5,5,5,5,5,5,5,5,5,5,5,5
"Issum",1,1,1,1,5,5,1,1,1,5,5,1,1,5,1,1,5,1,1,1,5,5,1,1,5,1,1,5,1,1,5,1,1,1,5,5,1,1,5,1,1,5,1,1,5,1,1,5,1,1,5,1,1,5,1,1,5,1,1,5,5,5,5,5,5,5,5,5,5,5,5,5
"Waltrop",5,5,5,5,1,1,5,5,5,1,1,5,5,1,5,5,1,5,5,5,1,1,5,5,1,5,5,1,5,5,1,5,5,5,1,1,5,5,1,5,5,1,5,5,1,5,5,1,5,5,1,5,5,1,5,5,1,5,5,1,5,5,5,5,5,5,5,5,5,5,5,5
"CastropRauxel",5,5,5,5,1,1,5,5,5,1,1,5,5,1,5,5,1,5,5,5,1,1,5,5,1,5,5,1,5,5,1,5,5,5,1,1,5,5,1,5,5,1,5,5,1,5,5,1,5,5,1,5,5,1,5,5,1,5,5,1,5,5,5,5,5,5,5,5,5,5,5,5
"Nettetal",1,1,1,1,5,5,1,1,1,5,5,1,1,5,1,1,5,1,1,1,5,5,1,1,5,1,1,5,1,1,5,1,1,1,5,5,1,1,5,1,1,5,1,1,5,1,1,5,1,1,5,1,1,5,1,1,5,1,1,5,5,5,5,5,5,5,5,5,5,5,5,5
"BadSalzuflen",5,5,5,5,1,1,5,5,5,1,1,5,5,1,5,5,1,5,5,5,1,1,5,5,1,5,5,1,5,5,1,5,5,5,1,1,5,5,1,5,5,1,5,5,1,5,5,1,5,5,1,5,5,1,5,5,1,5,5,1,5,5,5,5,5,5,5,5,5,5,5,5
"Rahden",1,1,1,1,5,5,1,1,1,5,5,1,1,5,1,1,5,1,1,1,5,5,1,1,5,1,1,5,1,1,5,1,1,1,5,5,1,1,5,1,1,5,1,1,5,1,1,5,1,1,5,1,1,5,1,1,5,1,1,5,5,5,5,5,5,5,5,5,5,5,5,5
"Steinfurt",5,5,5,5,1,1,5,5,5,1,1,5,5,1,5,5,1,5,5,5,1,1,5,5,1,5,5,1,5,5,1,5,5,5,1,1,5,5,1,5,5,1,5,5,1,5,5,1,5,5,1,5,5,1,5,5,1,5,5,1,5,5,5,5,5,5,5,5,5,5,5,5
"Lemgo",5,5,5,5,5,5,5,5,5,5,5,5,5,5,5,5,5,5,5,5,5,5,5,5,5,5,5,5,5,5,5,5,5,5,5,5,5,5,5,5,5,5,5,5,5,5,5,5,5,5,5,5,5,5,5,5,5,5,5,5,1,1,1,1,1,1,1,1,1,1,1,1
"Hoerstel",5,5,5,5,5,5,5,5,5,5,5,5,5,5,5,5,5,5,5,5,5,5,5,5,5,5,5,5,5,5,5,5,5,5,5,5,5,5,5,5,5,5,5,5,5,5,5,5,5,5,5,5,5,5,5,5,5,5,5,5,1,1,1,1,1,1,1,1,1,1,1,1
"Nieheim",5,5,5,5,5,5,5,5,5,5,5,5,5,5,5,5,5,5,5,5,5,5,5,5,5,5,5,5,5,5,5,5,5,5,5,5,5,5,5,5,5,5,5,5,5,5,5,5,5,5,5,5,5,5,5,5,5,5,5,5,1,1,1,1,1,1,1,1,1,1,1,1
"Steinheim",5,5,5,5,5,5,5,5,5,5,5,5,5,5,5,5,5,5,5,5,5,5,5,5,5,5,5,5,5,5,5,5,5,5,5,5,5,5,5,5,5,5,5,5,5,5,5,5,5,5,5,5,5,5,5,5,5,5,5,5,1,1,1,1,1,1,1,1,1,1,1,1
"Ruethen",5,5,5,5,5,5,5,5,5,5,5,5,5,5,5,5,5,5,5,5,5,5,5,5,5,5,5,5,5,5,5,5,5,5,5,5,5,5,5,5,5,5,5,5,5,5,5,5,5,5,5,5,5,5,5,5,5,5,5,5,1,1,1,1,1,1,1,1,1,1,1,1
"BadWuennenberg",1,1,1,1,5,5,1,1,1,5,5,1,1,5,1,1,5,1,1,1,5,5,1,1,5,1,1,5,1,1,5,1,1,1,5,5,1,1,5,1,1,5,1,1,5,1,1,5,1,1,5,1,1,5,1,1,5,1,1,5,5,5,5,5,5,5,5,5,5,5,5,5
"Vettweiss",1,1,1,1,5,5,1,1,1,5,5,1,1,5,1,1,5,1,1,1,5,5,1,1,5,1,1,5,1,1,5,1,1,1,5,5,1,1,5,1,1,5,1,1,5,1,1,5,1,1,5,1,1,5,1,1,5,1,1,5,5,5,5,5,5,5,5,5,5,5,5,5
"Luenen",5,5,5,5,1,1,5,5,5,1,1,5,5,1,5,5,1,5,5,5,1,1,5,5,1,5,5,1,5,5,1,5,5,5,1,1,5,5,1,5,5,1,5,5,1,5,5,1,5,5,1,5,5,1,5,5,1,5,5,1,5,5,5,5,5,5,5,5,5,5,5,5
"Bochum",5,5,5,5,1,1,5,5,5,1,1,5,5,1,5,5,1,5,5,5,1,1,5,5,1,5,5,1,5,5,1,5,5,5,1,1,5,5,1,5,5,1,5,5,1,5,5,1,5,5,1,5,5,1,5,5,1,5,5,1,5,5,5,5,5,5,5,5,5,5,5,5
"Delbrueck",1,1,1,1,5,5,1,1,1,5,5,1,1,5,1,1,5,1,1,1,5,5,1,1,5,1,1,5,1,1,5,1,1,1,5,5,1,1,5,1,1,5,1,1,5,1,1,5,1,1,5,1,1,5,1,1,5,1,1,5,5,5,5,5,5,5,5,5,5,5,5,5
"Gangelt",5,5,5,5,1,1,5,5,5,1,1,5,5,1,5,5,1,5,5,5,1,1,5,5,1,5,5,1,5,5,1,5,5,5,1,1,5,5,1,5,5,1,5,5,1,5,5,1,5,5,1,5,5,1,5,5,1,5,5,1,5,5,5,5,5,5,5,5,5,5,5,5
"Kerken",5,5,5,5,1,1,5,5,5,1,1,5,5,1,5,5,1,5,5,5,1,1,5,5,1,5,5,1,5,5,1,5,5,5,1,1,5,5,1,5,5,1,5,5,1,5,5,1,5,5,1,5,5,1,5,5,1,5,5,1,5,5,5,5,5,5,5,5,5,5,5,5
"Horstmar",5,5,5,5,5,5,5,5,5,5,5,5,5,5,5,5,5,5,5,5,5,5,5,5,5,5,5,5,5,5,5,5,5,5,5,5,5,5,5,5,5,5,5,5,5,5,5,5,5,5,5,5,5,5,5,5,5,5,5,5,1,1,1,1,1,1,1,1,1,1,1,1
"Barntrup",5,5,5,5,1,1,5,5,5,1,1,5,5,1,5,5,1,5,5,5,1,1,5,5,1,5,5,1,5,5,1,5,5,5,1,1,5,5,1,5,5,1,5,5,1,5,5,1,5,5,1,5,5,1,5,5,1,5,5,1,5,5,5,5,5,5,5,5,5,5,5,5
"Ascheberg",1,1,1,1,5,5,1,1,1,5,5,1,1,5,1,1,5,1,1,1,5,5,1,1,5,1,1,5,1,1,5,1,1,1,5,5,1,1,5,1,1,5,1,1,5,1,1,5,1,1,5,1,1,5,1,1,5,1,1,5,5,5,5,5,5,5,5,5,5,5,5,5
"Wenden",5,5,5,5,1,1,5,5,5,1,1,5,5,1,5,5,1,5,5,5,1,1,5,5,1,5,5,1,5,5,1,5,5,5,1,1,5,5,1,5,5,1,5,5,1,5,5,1,5,5,1,5,5,1,5,5,1,5,5,1,5,5,5,5,5,5,5,5,5,5,5,5
"Drolshagen",1,1,1,1,5,5,1,1,1,5,5,1,1,5,1,1,5,1,1,1,5,5,1,1,5,1,1,5,1,1,5,1,1,1,5,5,1,1,5,1,1,5,1,1,5,1,1,5,1,1,5,1,1,5,1,1,5,1,1,5,5,5,5,5,5,5,5,5,5,5,5,5
"Geseke",5,5,5,5,5,5,5,5,5,5,5,5,5,5,5,5,5,5,5,5,5,5,5,5,5,5,5,5,5,5,5,5,5,5,5,5,5,5,5,5,5,5,5,5,5,5,5,5,5,5,5,5,5,5,5,5,5,5,5,5,1,1,1,1,1,1,1,1,1,1,1,1
"Kevelaer",1,1,1,1,5,5,1,1,1,5,5,1,1,5,1,1,5,1,1,1,5,5,1,1,5,1,1,5,1,1,5,1,1,1,5,5,1,1,5,1,1,5,1,1,5,1,1,5,1,1,5,1,1,5,1,1,5,1,1,5,5,5,5,5,5,5,5,5,5,5,5,5
"Hille",5,5,5,5,5,5,5,5,5,5,5,5,5,5,5,5,5,5,5,5,5,5,5,5,5,5,5,5,5,5,5,5,5,5,5,5,5,5,5,5,5,5,5,5,5,5,5,5,5,5,5,5,5,5,5,5,5,5,5,5,1,1,1,1,1,1,1,1,1,1,1,1
"Heinsberg",5,5,5,5,1,1,5,5,5,1,1,5,5,1,5,5,1,5,5,5,1,1,5,5,1,5,5,1,5,5,1,5,5,5,1,1,5,5,1,5,5,1,5,5,1,5,5,1,5,5,1,5,5,1,5,5,1,5,5,1,5,5,5,5,5,5,5,5,5,5,5,5
"Goch",5,5,5,5,1,1,5,5,5,1,1,5,5,1,5,5,1,5,5,5,1,1,5,5,1,5,5,1,5,5,1,5,5,5,1,1,5,5,1,5,5,1,5,5,1,5,5,1,5,5,1,5,5,1,5,5,1,5,5,1,5,5,5,5,5,5,5,5,5,5,5,5
"Neuenrade",5,5,5,5,1,1,5,5,5,1,1,5,5,1,5,5,1,5,5,5,1,1,5,5,1,5,5,1,5,5,1,5,5,5,1,1,5,5,1,5,5,1,5,5,1,5,5,1,5,5,1,5,5,1,5,5,1,5,5,1,5,5,5,5,5,5,5,5,5,5,5,5
"Loehne",1,1,1,1,5,5,1,1,1,5,5,1,1,5,1,1,5,1,1,1,5,5,1,1,5,1,1,5,1,1,5,1,1,1,5,5,1,1,5,1,1,5,1,1,5,1,1,5,1,1,5,1,1,5,1,1,5,1,1,5,5,5,5,5,5,5,5,5,5,5,5,5
"Windeck",1,1,1,1,5,5,1,1,1,5,5,1,1,5,1,1,5,1,1,1,5,5,1,1,5,1,1,5,1,1,5,1,1,1,5,5,1,1,5,1,1,5,1,1,5,1,1,5,1,1,5,1,1,5,1,1,5,1,1,5,5,5,5,5,5,5,5,5,5,5,5,5
"Mettingen",5,5,5,5,5,5,5,5,5,5,5,5,5,5,5,5,5,5,5,5,5,5,5,5,5,5,5,5,5,5,5,5,5,5,5,5,5,5,5,5,5,5,5,5,5,5,5,5,5,5,5,5,5,5,5,5,5,5,5,5,1,1,1,1,1,1,1,1,1,1,1,1
"Muenster",1,1,1,1,5,5,1,1,1,5,5,1,1,5,1,1,5,1,1,1,5,5,1,1,5,1,1,5,1,1,5,1,1,1,5,5,1,1,5,1,1,5,1,1,5,1,1,5,1,1,5,1,1,5,1,1,5,1,1,5,5,5,5,5,5,5,5,5,5,5,5,5
"Alfter",5,5,5,5,1,1,5,5,5,1,1,5,5,1,5,5,1,5,5,5,1,1,5,5,1,5,5,1,5,5,1,5,5,5,1,1,5,5,1,5,5,1,5,5,1,5,5,1,5,5,1,5,5,1,5,5,1,5,5,1,5,5,5,5,5,5,5,5,5,5,5,5
"Rheurdt",5,5,5,5,1,1,5,5,5,1,1,5,5,1,5,5,1,5,5,5,1,1,5,5,1,5,5,1,5,5,1,5,5,5,1,1,5,5,1,5,5,1,5,5,1,5,5,1,5,5,1,5,5,1,5,5,1,5,5,1,5,5,5,5,5,5,5,5,5,5,5,5
"Rheine",5,5,5,5,1,1,5,5,5,1,1,5,5,1,5,5,1,5,5,5,1,1,5,5,1,5,5,1,5,5,1,5,5,5,1,1,5,5,1,5,5,1,5,5,1,5,5,1,5,5,1,5,5,1,5,5,1,5,5,1,5,5,5,5,5,5,5,5,5,5,5,5
"Augustdorf",1,1,1,1,5,5,1,1,1,5,5,1,1,5,1,1,5,1,1,1,5,5,1,1,5,1,1,5,1,1,5,1,1,1,5,5,1,1,5,1,1,5,1,1,5,1,1,5,1,1,5,1,1,5,1,1,5,1,1,5,5,5,5,5,5,5,5,5,5,5,5,5
"Stemwede",5,5,5,5,1,1,5,5,5,1,1,5,5,1,5,5,1,5,5,5,1,1,5,5,1,5,5,1,5,5,1,5,5,5,1,1,5,5,1,5,5,1,5,5,1,5,5,1,5,5,1,5,5,1,5,5,1,5,5,1,5,5,5,5,5,5,5,5,5,5,5,5
"Troisdorf",5,5,5,5,5,5,5,5,5,5,5,5,5,5,5,5,5,5,5,5,5,5,5,5,5,5,5,5,5,5,5,5,5,5,5,5,5,5,5,5,5,5,5,5,5,5,5,5,5,5,5,5,5,5,5,5,5,5,5,5,1,1,1,1,1,1,1,1,1,1,1,1
"LangenfeldRhld",1,1,1,1,5,5,1,1,1,5,5,1,1,5,1,1,5,1,1,1,5,5,1,1,5,1,1,5,1,1,5,1,1,1,5,5,1,1,5,1,1,5,1,1,5,1,1,5,1,1,5,1,1,5,1,1,5,1,1,5,5,5,5,5,5,5,5,5,5,5,5,5
"Extertal",1,1,1,1,5,5,1,1,1,5,5,1,1,5,1,1,5,1,1,1,5,5,1,1,5,1,1,5,1,1,5,1,1,1,5,5,1,1,5,1,1,5,1,1,5,1,1,5,1,1,5,1,1,5,1,1,5,1,1,5,5,5,5,5,5,5,5,5,5,5,5,5
"Metelen",5,5,5,5,5,5,5,5,5,5,5,5,5,5,5,5,5,5,5,5,5,5,5,5,5,5,5,5,5,5,5,5,5,5,5,5,5,5,5,5,5,5,5,5,5,5,5,5,5,5,5,5,5,5,5,5,5,5,5,5,1,1,1,1,1,1,1,1,1,1,1,1
"Wipperfuerth",1,1,1,1,5,5,1,1,1,5,5,1,1,5,1,1,5,1,1,1,5,5,1,1,5,1,1,5,1,1,5,1,1,1,5,5,1,1,5,1,1,5,1,1,5,1,1,5,1,1,5,1,1,5,1,1,5,1,1,5,5,5,5,5,5,5,5,5,5,5,5,5
"Schoeppingen",5,5,5,5,1,1,5,5,5,1,1,5,5,1,5,5,1,5,5,5,1,1,5,5,1,5,5,1,5,5,1,5,5,5,1,1,5,5,1,5,5,1,5,5,1,5,5,1,5,5,1,5,5,1,5,5,1,5,5,1,5,5,5,5,5,5,5,5,5,5,5,5
"Uedem",5,5,5,5,5,5,5,5,5,5,5,5,5,5,5,5,5,5,5,5,5,5,5,5,5,5,5,5,5,5,5,5,5,5,5,5,5,5,5,5,5,5,5,5,5,5,5,5,5,5,5,5,5,5,5,5,5,5,5,5,1,1,1,1,1,1,1,1,1,1,1,1
"FroendenbergRuhr",5,5,5,5,5,5,5,5,5,5,5,5,5,5,5,5,5,5,5,5,5,5,5,5,5,5,5,5,5,5,5,5,5,5,5,5,5,5,5,5,5,5,5,5,5,5,5,5,5,5,5,5,5,5,5,5,5,5,5,5,1,1,1,1,1,1,1,1,1,1,1,1
"Coesfeld",5,5,5,5,1,1,5,5,5,1,1,5,5,1,5,5,1,5,5,5,1,1,5,5,1,5,5,1,5,5,1,5,5,5,1,1,5,5,1,5,5,1,5,5,1,5,5,1,5,5,1,5,5,1,5,5,1,5,5,1,5,5,5,5,5,5,5,5,5,5,5,5
"Kalkar",5,5,5,5,1,1,5,5,5,1,1,5,5,1,5,5,1,5,5,5,1,1,5,5,1,5,5,1,5,5,1,5,5,5,1,1,5,5,1,5,5,1,5,5,1,5,5,1,5,5,1,5,5,1,5,5,1,5,5,1,5,5,5,5,5,5,5,5,5,5,5,5
"Sassenberg",5,5,5,5,1,1,5,5,5,1,1,5,5,1,5,5,1,5,5,5,1,1,5,5,1,5,5,1,5,5,1,5,5,5,1,1,5,5,1,5,5,1,5,5,1,5,5,1,5,5,1,5,5,1,5,5,1,5,5,1,5,5,5,5,5,5,5,5,5,5,5,5
"Viersen",5,5,5,5,1,1,5,5,5,1,1,5,5,1,5,5,1,5,5,5,1,1,5,5,1,5,5,1,5,5,1,5,5,5,1,1,5,5,1,5,5,1,5,5,1,5,5,1,5,5,1,5,5,1,5,5,1,5,5,1,5,5,5,5,5,5,5,5,5,5,5,5
"Buende",5,5,5,5,5,5,5,5,5,5,5,5,5,5,5,5,5,5,5,5,5,5,5,5,5,5,5,5,5,5,5,5,5,5,5,5,5,5,5,5,5,5,5,5,5,5,5,5,5,5,5,5,5,5,5,5,5,5,5,5,1,1,1,1,1,1,1,1,1,1,1,1
"Oelde",5,5,5,5,1,1,5,5,5,1,1,5,5,1,5,5,1,5,5,5,1,1,5,5,1,5,5,1,5,5,1,5,5,5,1,1,5,5,1,5,5,1,5,5,1,5,5,1,5,5,1,5,5,1,5,5,1,5,5,1,5,5,5,5,5,5,5,5,5,5,5,5
"SchiederSchwalenberg",1,1,1,1,5,5,1,1,1,5,5,1,1,5,1,1,5,1,1,1,5,5,1,1,5,1,1,5,1,1,5,1,1,1,5,5,1,1,5,1,1,5,1,1,5,1,1,5,1,1,5,1,1,5,1,1,5,1,1,5,5,5,5,5,5,5,5,5,5,5,5,5
"Spenge",1,1,1,1,5,5,1,1,1,5,5,1,1,5,1,1,5,1,1,1,5,5,1,1,5,1,1,5,1,1,5,1,1,1,5,5,1,1,5,1,1,5,1,1,5,1,1,5,1,1,5,1,1,5,1,1,5,1,1,5,5,5,5,5,5,5,5,5,5,5,5,5
"Wesel",5,5,5,5,1,1,5,5,5,1,1,5,5,1,5,5,1,5,5,5,1,1,5,5,1,5,5,1,5,5,1,5,5,5,1,1,5,5,1,5,5,1,5,5,1,5,5,1,5,5,1,5,5,1,5,5,1,5,5,1,5,5,5,5,5,5,5,5,5,5,5,5
"WickedeRuhr",1,1,1,1,5,5,1,1,1,5,5,1,1,5,1,1,5,1,1,1,5,5,1,1,5,1,1,5,1,1,5,1,1,1,5,5,1,1,5,1,1,5,1,1,5,1,1,5,1,1,5,1,1,5,1,1,5,1,1,5,5,5,5,5,5,5,5,5,5,5,5,5
"Steinhagen",5,5,5,5,1,1,5,5,5,1,1,5,5,1,5,5,1,5,5,5,1,1,5,5,1,5,5,1,5,5,1,5,5,5,1,1,5,5,1,5,5,1,5,5,1,5,5,1,5,5,1,5,5,1,5,5,1,5,5,1,5,5,5,5,5,5,5,5,5,5,5,5
"Bielefeld",5,5,5,5,1,1,5,5,5,1,1,5,5,1,5,5,1,5,5,5,1,1,5,5,1,5,5,1,5,5,1,5,5,5,1,1,5,5,1,5,5,1,5,5,1,5,5,1,5,5,1,5,5,1,5,5,1,5,5,1,5,5,5,5,5,5,5,5,5,5,5,5
"Olpe",5,5,5,5,5,5,5,5,5,5,5,5,5,5,5,5,5,5,5,5,5,5,5,5,5,5,5,5,5,5,5,5,5,5,5,5,5,5,5,5,5,5,5,5,5,5,5,5,5,5,5,5,5,5,5,5,5,5,5,5,1,1,1,1,1,1,1,1,1,1,1,1
"Werdohl",5,5,5,5,5,5,5,5,5,5,5,5,5,5,5,5,5,5,5,5,5,5,5,5,5,5,5,5,5,5,5,5,5,5,5,5,5,5,5,5,5,5,5,5,5,5,5,5,5,5,5,5,5,5,5,5,5,5,5,5,1,1,1,1,1,1,1,1,1,1,1,1
"Kamen",5,5,5,5,1,1,5,5,5,1,1,5,5,1,5,5,1,5,5,5,1,1,5,5,1,5,5,1,5,5,1,5,5,5,1,1,5,5,1,5,5,1,5,5,1,5,5,1,5,5,1,5,5,1,5,5,1,5,5,1,5,5,5,5,5,5,5,5,5,5,5,5
"Emsdetten",5,5,5,5,5,5,5,5,5,5,5,5,5,5,5,5,5,5,5,5,5,5,5,5,5,5,5,5,5,5,5,5,5,5,5,5,5,5,5,5,5,5,5,5,5,5,5,5,5,5,5,5,5,5,5,5,5,5,5,5,1,1,1,1,1,1,1,1,1,1,1,1
"Brakel",5,5,5,5,1,1,5,5,5,1,1,5,5,1,5,5,1,5,5,5,1,1,5,5,1,5,5,1,5,5,1,5,5,5,1,1,5,5,1,5,5,1,5,5,1,5,5,1,5,5,1,5,5,1,5,5,1,5,5,1,5,5,5,5,5,5,5,5,5,5,5,5
"Roedinghausen",1,1,1,1,5,5,1,1,1,5,5,1,1,5,1,1,5,1,1,1,5,5,1,1,5,1,1,5,1,1,5,1,1,1,5,5,1,1,5,1,1,5,1,1,5,1,1,5,1,1,5,1,1,5,1,1,5,1,1,5,5,5,5,5,5,5,5,5,5,5,5,5
"Xanten",5,5,5,5,1,1,5,5,5,1,1,5,5,1,5,5,1,5,5,5,1,1,5,5,1,5,5,1,5,5,1,5,5,5,1,1,5,5,1,5,5,1,5,5,1,5,5,1,5,5,1,5,5,1,5,5,1,5,5,1,5,5,5,5,5,5,5,5,5,5,5,5
"Haan",1,1,1,1,5,5,1,1,1,5,5,1,1,5,1,1,5,1,1,1,5,5,1,1,5,1,1,5,1,1,5,1,1,1,5,5,1,1,5,1,1,5,1,1,5,1,1,5,1,1,5,1,1,5,1,1,5,1,1,5,5,5,5,5,5,5,5,5,5,5,5,5
"HalleWestf",5,5,5,5,1,1,5,5,5,1,1,5,5,1,5,5,1,5,5,5,1,1,5,5,1,5,5,1,5,5,1,5,5,5,1,1,5,5,1,5,5,1,5,5,1,5,5,1,5,5,1,5,5,1,5,5,1,5,5,1,5,5,5,5,5,5,5,5,5,5,5,5
"Gladbeck",5,5,5,5,1,1,5,5,5,1,1,5,5,1,5,5,1,5,5,5,1,1,5,5,1,5,5,1,5,5,1,5,5,5,1,1,5,5,1,5,5,1,5,5,1,5,5,1,5,5,1,5,5,1,5,5,1,5,5,1,5,5,5,5,5,5,5,5,5,5,5,5
"Heimbach",1,1,1,1,5,5,1,1,1,5,5,1,1,5,1,1,5,1,1,1,5,5,1,1,5,1,1,5,1,1,5,1,1,1,5,5,1,1,5,1,1,5,1,1,5,1,1,5,1,1,5,1,1,5,1,1,5,1,1,5,5,5,5,5,5,5,5,5,5,5,5,5
"Beelen",1,1,1,1,5,5,1,1,1,5,5,1,1,5,1,1,5,1,1,1,5,5,1,1,5,1,1,5,1,1,5,1,1,1,5,5,1,1,5,1,1,5,1,1,5,1,1,5,1,1,5,1,1,5,1,1,5,1,1,5,5,5,5,5,5,5,5,5,5,5,5,5
"Medebach",1,1,1,1,5,5,1,1,1,5,5,1,1,5,1,1,5,1,1,1,5,5,1,1,5,1,1,5,1,1,5,1,1,1,5,5,1,1,5,1,1,5,1,1,5,1,1,5,1,1,5,1,1,5,1,1,5,1,1,5,5,5,5,5,5,5,5,5,5,5,5,5
"NachrodtWiblingwerde",1,1,1,1,5,5,1,1,1,5,5,1,1,5,1,1,5,1,1,1,5,5,1,1,5,1,1,5,1,1,5,1,1,1,5,5,1,1,5,1,1,5,1,1,5,1,1,5,1,1,5,1,1,5,1,1,5,1,1,5,5,5,5,5,5,5,5,5,5,5,5,5
"HornBadMeinberg",1,1,1,1,5,5,1,1,1,5,5,1,1,5,1,1,5,1,1,1,5,5,1,1,5,1,1,5,1,1,5,1,1,1,5,5,1,1,5,1,1,5,1,1,5,1,1,5,1,1,5,1,1,5,1,1,5,1,1,5,5,5,5,5,5,5,5,5,5,5,5,5
"Warstein",5,5,5,5,5,5,5,5,5,5,5,5,5,5,5,5,5,5,5,5,5,5,5,5,5,5,5,5,5,5,5,5,5,5,5,5,5,5,5,5,5,5,5,5,5,5,5,5,5,5,5,5,5,5,5,5,5,5,5,5,1,1,1,1,1,1,1,1,1,1,1,1
"Luegde",5,5,5,5,1,1,5,5,5,1,1,5,5,1,5,5,1,5,5,5,1,1,5,5,1,5,5,1,5,5,1,5,5,5,1,1,5,5,1,5,5,1,5,5,1,5,5,1,5,5,1,5,5,1,5,5,1,5,5,1,5,5,5,5,5,5,5,5,5,5,5,5
"Luedenscheid",5,5,5,5,1,1,5,5,5,1,1,5,5,1,5,5,1,5,5,5,1,1,5,5,1,5,5,1,5,5,1,5,5,5,1,1,5,5,1,5,5,1,5,5,1,5,5,1,5,5,1,5,5,1,5,5,1,5,5,1,5,5,5,5,5,5,5,5,5,5,5,5
"Schwalmtal",5,5,5,5,1,1,5,5,5,1,1,5,5,1,5,5,1,5,5,5,1,1,5,5,1,5,5,1,5,5,1,5,5,5,1,1,5,5,1,5,5,1,5,5,1,5,5,1,5,5,1,5,5,1,5,5,1,5,5,1,5,5,5,5,5,5,5,5,5,5,5,5
"Gummersbach",5,5,5,5,5,5,5,5,5,5,5,5,5,5,5,5,5,5,5,5,5,5,5,5,5,5,5,5,5,5,5,5,5,5,5,5,5,5,5,5,5,5,5,5,5,5,5,5,5,5,5,5,5,5,5,5,5,5,5,5,1,1,1,1,1,1,1,1,1,1,1,1
"Ahlen",5,5,5,5,1,1,5,5,5,1,1,5,5,1,5,5,1,5,5,5,1,1,5,5,1,5,5,1,5,5,1,5,5,5,1,1,5,5,1,5,5,1,5,5,1,5,5,1,5,5,1,5,5,1,5,5,1,5,5,1,5,5,5,5,5,5,5,5,5,5,5,5
"Senden",1,1,1,1,5,5,1,1,1,5,5,1,1,5,1,1,5,1,1,1,5,5,1,1,5,1,1,5,1,1,5,1,1,1,5,5,1,1,5,1,1,5,1,1,5,1,1,5,1,1,5,1,1,5,1,1,5,1,1,5,5,5,5,5,5,5,5,5,5,5,5,5
"Werne",5,5,5,5,1,1,5,5,5,1,1,5,5,1,5,5,1,5,5,5,1,1,5,5,1,5,5,1,5,5,1,5,5,5,1,1,5,5,1,5,5,1,5,5,1,5,5,1,5,5,1,5,5,1,5,5,1,5,5,1,5,5,5,5,5,5,5,5,5,5,5,5
"Iserlohn",5,5,5,5,5,5,5,5,5,5,5,5,5,5,5,5,5,5,5,5,5,5,5,5,5,5,5,5,5,5,5,5,5,5,5,5,5,5,5,5,5,5,5,5,5,5,5,5,5,5,5,5,5,5,5,5,5,5,5,5,1,1,1,1,1,1,1,1,1,1,1,1
"Titz",1,1,1,1,5,5,1,1,1,5,5,1,1,5,1,1,5,1,1,1,5,5,1,1,5,1,1,5,1,1,5,1,1,1,5,5,1,1,5,1,1,5,1,1,5,1,1,5,1,1,5,1,1,5,1,1,5,1,1,5,5,5,5,5,5,5,5,5,5,5,5,5
"Enger",5,5,5,5,5,5,5,5,5,5,5,5,5,5,5,5,5,5,5,5,5,5,5,5,5,5,5,5,5,5,5,5,5,5,5,5,5,5,5,5,5,5,5,5,5,5,5,5,5,5,5,5,5,5,5,5,5,5,5,5,1,1,1,1,1,1,1,1,1,1,1,1
"Herford",5,5,5,5,5,5,5,5,5,5,5,5,5,5,5,5,5,5,5,5,5,5,5,5,5,5,5,5,5,5,5,5,5,5,5,5,5,5,5,5,5,5,5,5,5,5,5,5,5,5,5,5,5,5,5,5,5,5,5,5,1,1,1,1,1,1,1,1,1,1,1,1
"Recke",5,5,5,5,1,1,5,5,5,1,1,5,5,1,5,5,1,5,5,5,1,1,5,5,1,5,5,1,5,5,1,5,5,5,1,1,5,5,1,5,5,1,5,5,1,5,5,1,5,5,1,5,5,1,5,5,1,5,5,1,5,5,5,5,5,5,5,5,5,5,5,5
"Finnentrop",5,5,5,5,5,5,5,5,5,5,5,5,5,5,5,5,5,5,5,5,5,5,5,5,5,5,5,5,5,5,5,5,5,5,5,5,5,5,5,5,5,5,5,5,5,5,5,5,5,5,5,5,5,5,5,5,5,5,5,5,1,1,1,1,1,1,1,1,1,1,1,1
"Waldfeucht",5,5,5,5,1,1,5,5,5,1,1,5,5,1,5,5,1,5,5,5,1,1,5,5,1,5,5,1,5,5,1,5,5,5,1,1,5,5,1,5,5,1,5,5,1,5,5,1,5,5,1,5,5,1,5,5,1,5,5,1,5,5,5,5,5,5,5,5,5,5,5,5
"RhedaWiedenbrueck",1,1,1,1,5,5,1,1,1,5,5,1,1,5,1,1,5,1,1,1,5,5,1,1,5,1,1,5,1,1,5,1,1,1,5,5,1,1,5,1,1,5,1,1,5,1,1,5,1,1,5,1,1,5,1,1,5,1,1,5,5,5,5,5,5,5,5,5,5,5,5,5
"Brueggen",5,5,5,5,5,5,5,5,5,5,5,5,5,5,5,5,5,5,5,5,5,5,5,5,5,5,5,5,5,5,5,5,5,5,5,5,5,5,5,5,5,5,5,5,5,5,5,5,5,5,5,5,5,5,5,5,5,5,5,5,1,1,1,1,1,1,1,1,1,1,1,1
"Erkelenz",5,5,5,5,5,5,5,5,5,5,5,5,5,5,5,5,5,5,5,5,5,5,5,5,5,5,5,5,5,5,5,5,5,5,5,5,5,5,5,5,5,5,5,5,5,5,5,5,5,5,5,5,5,5,5,5,5,5,5,5,1,1,1,1,1,1,1,1,1,1,1,1
"Weeze",1,1,1,1,5,5,1,1,1,5,5,1,1,5,1,1,5,1,1,1,5,5,1,1,5,1,1,5,1,1,5,1,1,1,5,5,1,1,5,1,1,5,1,1,5,1,1,5,1,1,5,1,1,5,1,1,5,1,1,5,5,5,5,5,5,5,5,5,5,5,5,5
"Wilnsdorf",1,1,1,1,5,5,1,1,1,5,5,1,1,5,1,1,5,1,1,1,5,5,1,1,5,1,1,5,1,1,5,1,1,1,5,5,1,1,5,1,1,5,1,1,5,1,1,5,1,1,5,1,1,5,1,1,5,1,1,5,5,5,5,5,5,5,5,5,5,5,5,5
"Datteln",5,5,5,5,5,5,5,5,5,5,5,5,5,5,5,5,5,5,5,5,5,5,5,5,5,5,5,5,5,5,5,5,5,5,5,5,5,5,5,5,5,5,5,5,5,5,5,5,5,5,5,5,5,5,5,5,5,5,5,5,1,1,1,1,1,1,1,1,1,1,1,1
"Borken",1,1,1,1,5,5,1,1,1,5,5,1,1,5,1,1,5,1,1,1,5,5,1,1,5,1,1,5,1,1,5,1,1,1,5,5,1,1,5,1,1,5,1,1,5,1,1,5,1,1,5,1,1,5,1,1,5,1,1,5,5,5,5,5,5,5,5,5,5,5,5,5
"Bergkamen",5,5,5,5,1,1,5,5,5,1,1,5,5,1,5,5,1,5,5,5,1,1,5,5,1,5,5,1,5,5,1,5,5,5,1,1,5,5,1,5,5,1,5,5,1,5,5,1,5,5,1,5,5,1,5,5,1,5,5,1,5,5,5,5,5,5,5,5,5,5,5,5
"Oberhausen",5,5,5,5,5,5,5,5,5,5,5,5,5,5,5,5,5,5,5,5,5,5,5,5,5,5,5,5,5,5,5,5,5,5,5,5,5,5,5,5,5,5,5,5,5,5,5,5,5,5,5,5,5,5,5,5,5,5,5,5,1,1,1,1,1,1,1,1,1,1,1,1
"Wettringen",5,5,5,5,5,5,5,5,5,5,5,5,5,5,5,5,5,5,5,5,5,5,5,5,5,5,5,5,5,5,5,5,5,5,5,5,5,5,5,5,5,5,5,5,5,5,5,5,5,5,5,5,5,5,5,5,5,5,5,5,1,1,1,1,1,1,1,1,1,1,1,1
"Attendorn",5,5,5,5,1,1,5,5,5,1,1,5,5,1,5,5,1,5,5,5,1,1,5,5,1,5,5,1,5,5,1,5,5,5,1,1,5,5,1,5,5,1,5,5,1,5,5,1,5,5,1,5,5,1,5,5,1,5,5,1,5,5,5,5,5,5,5,5,5,5,5,5
"Herdecke",5,5,5,5,1,1,5,5,5,1,1,5,5,1,5,5,1,5,5,5,1,1,5,5,1,5,5,1,5,5,1,5,5,5,1,1,5,5,1,5,5,1,5,5,1,5,5,1,5,5,1,5,5,1,5,5,1,5,5,1,5,5,5,5,5,5,5,5,5,5,5,5
"Bergheim",5,5,5,5,5,5,5,5,5,5,5,5,5,5,5,5,5,5,5,5,5,5,5,5,5,5,5,5,5,5,5,5,5,5,5,5,5,5,5,5,5,5,5,5,5,5,5,5,5,5,5,5,5,5,5,5,5,5,5,5,1,1,1,1,1,1,1,1,1,1,1,1
"Much",5,5,5,5,5,5,5,5,5,5,5,5,5,5,5,5,5,5,5,5,5,5,5,5,5,5,5,5,5,5,5,5,5,5,5,5,5,5,5,5,5,5,5,5,5,5,5,5,5,5,5,5,5,5,5,5,5,5,5,5,1,1,1,1,1,1,1,1,1,1,1,1
"Eitorf",5,5,5,5,1,1,5,5,5,1,1,5,5,1,5,5,1,5,5,5,1,1,5,5,1,5,5,1,5,5,1,5,5,5,1,1,5,5,1,5,5,1,5,5,1,5,5,1,5,5,1,5,5,1,5,5,1,5,5,1,5,5,5,5,5,5,5,5,5,5,5,5
"Neuss",5,5,5,5,1,1,5,5,5,1,1,5,5,1,5,5,1,5,5,5,1,1,5,5,1,5,5,1,5,5,1,5,5,5,1,1,5,5,1,5,5,1,5,5,1,5,5,1,5,5,1,5,5,1,5,5,1,5,5,1,5,5,5,5,5,5,5,5,5,5,5,5
"MendenSauerland",1,1,1,1,5,5,1,1,1,5,5,1,1,5,1,1,5,1,1,1,5,5,1,1,5,1,1,5,1,1,5,1,1,1,5,5,1,1,5,1,1,5,1,1,5,1,1,5,1,1,5,1,1,5,1,1,5,1,1,5,5,5,5,5,5,5,5,5,5,5,5,5
"Wuelfrath",5,5,5,5,5,5,5,5,5,5,5,5,5,5,5,5,5,5,5,5,5,5,5,5,5,5,5,5,5,5,5,5,5,5,5,5,5,5,5,5,5,5,5,5,5,5,5,5,5,5,5,5,5,5,5,5,5,5,5,5,1,1,1,1,1,1,1,1,1,1,1,1
"Lippstadt",5,5,5,5,1,1,5,5,5,1,1,5,5,1,5,5,1,5,5,5,1,1,5,5,1,5,5,1,5,5,1,5,5,5,1,1,5,5,1,5,5,1,5,5,1,5,5,1,5,5,1,5,5,1,5,5,1,5,5,1,5,5,5,5,5,5,5,5,5,5,5,5
"Lichtenau",5,5,5,5,5,5,5,5,5,5,5,5,5,5,5,5,5,5,5,5,5,5,5,5,5,5,5,5,5,5,5,5,5,5,5,5,5,5,5,5,5,5,5,5,5,5,5,5,5,5,5,5,5,5,5,5,5,5,5,5,1,1,1,1,1,1,1,1,1,1,1,1
"Hallenberg",5,5,5,5,1,1,5,5,5,1,1,5,5,1,5,5,1,5,5,5,1,1,5,5,1,5,5,1,5,5,1,5,5,5,1,1,5,5,1,5,5,1,5,5,1,5,5,1,5,5,1,5,5,1,5,5,1,5,5,1,5,5,5,5,5,5,5,5,5,5,5,5
"Gevelsberg",5,5,5,5,5,5,5,5,5,5,5,5,5,5,5,5,5,5,5,5,5,5,5,5,5,5,5,5,5,5,5,5,5,5,5,5,5,5,5,5,5,5,5,5,5,5,5,5,5,5,5,5,5,5,5,5,5,5,5,5,1,1,1,1,1,1,1,1,1,1,1,1
"Havixbeck",5,5,5,5,1,1,5,5,5,1,1,5,5,1,5,5,1,5,5,5,1,1,5,5,1,5,5,1,5,5,1,5,5,5,1,1,5,5,1,5,5,1,5,5,1,5,5,1,5,5,1,5,5,1,5,5,1,5,5,1,5,5,5,5,5,5,5,5,5,5,5,5
"Petershagen",1,1,1,1,5,5,1,1,1,5,5,1,1,5,1,1,5,1,1,1,5,5,1,1,5,1,1,5,1,1,5,1,1,1,5,5,1,1,5,1,1,5,1,1,5,1,1,5,1,1,5,1,1,5,1,1,5,1,1,5,5,5,5,5,5,5,5,5,5,5,5,5
"WertherWestf",5,5,5,5,1,1,5,5,5,1,1,5,5,1,5,5,1,5,5,5,1,1,5,5,1,5,5,1,5,5,1,5,5,5,1,1,5,5,1,5,5,1,5,5,1,5,5,1,5,5,1,5,5,1,5,5,1,5,5,1,5,5,5,5,5,5,5,5,5,5,5,5
"Kleve",1,1,1,1,5,5,1,1,1,5,5,1,1,5,1,1,5,1,1,1,5,5,1,1,5,1,1,5,1,1,5,1,1,1,5,5,1,1,5,1,1,5,1,1,5,1,1,5,1,1,5,1,1,5,1,1,5,1,1,5,5,5,5,5,5,5,5,5,5,5,5,5
"Verl",5,5,5,5,5,5,5,5,5,5,5,5,5,5,5,5,5,5,5,5,5,5,5,5,5,5,5,5,5,5,5,5,5,5,5,5,5,5,5,5,5,5,5,5,5,5,5,5,5,5,5,5,5,5,5,5,5,5,5,5,1,1,1,1,1,1,1,1,1,1,1,1
"HerzebrockClarholz",5,5,5,5,5,5,5,5,5,5,5,5,5,5,5,5,5,5,5,5,5,5,5,5,5,5,5,5,5,5,5,5,5,5,5,5,5,5,5,5,5,5,5,5,5,5,5,5,5,5,5,5,5,5,5,5,5,5,5,5,1,1,1,1,1,1,1,1,1,1,1,1
"Ibbenbueren",5,5,5,5,5,5,5,5,5,5,5,5,5,5,5,5,5,5,5,5,5,5,5,5,5,5,5,5,5,5,5,5,5,5,5,5,5,5,5,5,5,5,5,5,5,5,5,5,5,5,5,5,5,5,5,5,5,5,5,5,1,1,1,1,1,1,1,1,1,1,1,1
"Erkrath",5,5,5,5,1,1,5,5,5,1,1,5,5,1,5,5,1,5,5,5,1,1,5,5,1,5,5,1,5,5,1,5,5,5,1,1,5,5,1,5,5,1,5,5,1,5,5,1,5,5,1,5,5,1,5,5,1,5,5,1,5,5,5,5,5,5,5,5,5,5,5,5
"Lennestadt",1,1,1,1,5,5,1,1,1,5,5,1,1,5,1,1,5,1,1,1,5,5,1,1,5,1,1,5,1,1,5,1,1,1,5,5,1,1,5,1,1,5,1,1,5,1,1,5,1,1,5,1,1,5,1,1,5,1,1,5,5,5,5,5,5,5,5,5,5,5,5,5
"OerErkenschwick",5,5,5,5,1,1,5,5,5,1,1,5,5,1,5,5,1,5,5,5,1,1,5,5,1,5,5,1,5,5,1,5,5,5,1,1,5,5,1,5,5,1,5,5,1,5,5,1,5,5,1,5,5,1,5,5,1,5,5,1,5,5,5,5,5,5,5,5,5,5,5,5
"Huenxe",5,5,5,5,1,1,5,5,5,1,1,5,5,1,5,5,1,5,5,5,1,1,5,5,1,5,5,1,5,5,1,5,5,5,1,1,5,5,1,5,5,1,5,5,1,5,5,1,5,5,1,5,5,1,5,5,1,5,5,1,5,5,5,5,5,5,5,5,5,5,5,5
"Lienen",1,1,1,1,5,5,1,1,1,5,5,1,1,5,1,1,5,1,1,1,5,5,1,1,5,1,1,5,1,1,5,1,1,1,5,5,1,1,5,1,1,5,1,1,5,1,1,5,1,1,5,1,1,5,1,1,5,1,1,5,5,5,5,5,5,5,5,5,5,5,5,5
"Noervenich",5,5,5,5,1,1,5,5,5,1,1,5,5,1,5,5,1,5,5,5,1,1,5,5,1,5,5,1,5,5,1,5,5,5,1,1,5,5,1,5,5,1,5,5,1,5,5,1,5,5,1,5,5,1,5,5,1,5,5,1,5,5,5,5,5,5,5,5,5,5,5,5
"Erndtebrueck",5,5,5,5,1,1,5,5,5,1,1,5,5,1,5,5,1,5,5,5,1,1,5,5,1,5,5,1,5,5,1,5,5,5,1,1,5,5,1,5,5,1,5,5,1,5,5,1,5,5,1,5,5,1,5,5,1,5,5,1,5,5,5,5,5,5,5,5,5,5,5,5
"Marsberg",5,5,5,5,1,1,5,5,5,1,1,5,5,1,5,5,1,5,5,5,1,1,5,5,1,5,5,1,5,5,1,5,5,5,1,1,5,5,1,5,5,1,5,5,1,5,5,1,5,5,1,5,5,1,5,5,1,5,5,1,5,5,5,5,5,5,5,5,5,5,5,5
"Everswinkel",5,5,5,5,5,5,5,5,5,5,5,5,5,5,5,5,5,5,5,5,5,5,5,5,5,5,5,5,5,5,5,5,5,5,5,5,5,5,5,5,5,5,5,5,5,5,5,5,5,5,5,5,5,5,5,5,5,5,5,5,1,1,1,1,1,1,1,1,1,1,1,1
"Euskirchen",5,5,5,5,5,5,5,5,5,5,5,5,5,5,5,5,5,5,5,5,5,5,5,5,5,5,5,5,5,5,5,5,5,5,5,5,5,5,5,5,5,5,5,5,5,5,5,5,5,5,5,5,5,5,5,5,5,5,5,5,1,1,1,1,1,1,1,1,1,1,1,1
"BadLippspringe",1,1,1,1,5,5,1,1,1,5,5,1,1,5,1,1,5,1,1,1,5,5,1,1,5,1,1,5,1,1,5,1,1,1,5,5,1,1,5,1,1,5,1,1,5,1,1,5,1,1,5,1,1,5,1,1,5,1,1,5,5,5,5,5,5,5,5,5,5,5,5,5
"Huertgenwald",5,5,5,5,5,5,5,5,5,5,5,5,5,5,5,5,5,5,5,5,5,5,5,5,5,5,5,5,5,5,5,5,5,5,5,5,5,5,5,5,5,5,5,5,5,5,5,5,5,5,5,5,5,5,5,5,5,5,5,5,1,1,1,1,1,1,1,1,1,1,1,1
"Plettenberg",5,5,5,5,5,5,5,5,5,5,5,5,5,5,5,5,5,5,5,5,5,5,5,5,5,5,5,5,5,5,5,5,5,5,5,5,5,5,5,5,5,5,5,5,5,5,5,5,5,5,5,5,5,5,5,5,5,5,5,5,1,1,1,1,1,1,1,1,1,1,1,1
"Kalletal",5,5,5,5,1,1,5,5,5,1,1,5,5,1,5,5,1,5,5,5,1,1,5,5,1,5,5,1,5,5,1,5,5,5,1,1,5,5,1,5,5,1,5,5,1,5,5,1,5,5,1,5,5,1,5,5,1,5,5,1,5,5,5,5,5,5,5,5,5,5,5,5
"GronauWestf",5,5,5,5,1,1,5,5,5,1,1,5,5,1,5,5,1,5,5,5,1,1,5,5,1,5,5,1,5,5,1,5,5,5,1,1,5,5,1,5,5,1,5,5,1,5,5,1,5,5,1,5,5,1,5,5,1,5,5,1,5,5,5,5,5,5,5,5,5,5,5,5
"Herten",1,1,1,1,5,5,1,1,1,5,5,1,1,5,1,1,5,1,1,1,5,5,1,1,5,1,1,5,1,1,5,1,1,1,5,5,1,1,5,1,1,5,1,1,5,1,1,5,1,1,5,1,1,5,1,1,5,1,1,5,5,5,5,5,5,5,5,5,5,5,5,5
"Doerentrup",5,5,5,5,5,5,5,5,5,5,5,5,5,5,5,5,5,5,5,5,5,5,5,5,5,5,5,5,5,5,5,5,5,5,5,5,5,5,5,5,5,5,5,5,5,5,5,5,5,5,5,5,5,5,5,5,5,5,5,5,1,1,1,1,1,1,1,1,1,1,1,1
"Welver",5,5,5,5,1,1,5,5,5,1,1,5,5,1,5,5,1,5,5,5,1,1,5,5,1,5,5,1,5,5,1,5,5,5,1,1,5,5,1,5,5,1,5,5,1,5,5,1,5,5,1,5,5,1,5,5,1,5,5,1,5,5,5,5,5,5,5,5,5,5,5,5
"Nideggen",5,5,5,5,5,5,5,5,5,5,5,5,5,5,5,5,5,5,5,5,5,5,5,5,5,5,5,5,5,5,5,5,5,5,5,5,5,5,5,5,5,5,5,5,5,5,5,5,5,5,5,5,5,5,5,5,5,5,5,5,1,1,1,1,1,1,1,1,1,1,1,1
"Geilenkirchen",5,5,5,5,1,1,5,5,5,1,1,5,5,1,5,5,1,5,5,5,1,1,5,5,1,5,5,1,5,5,1,5,5,5,1,1,5,5,1,5,5,1,5,5,1,5,5,1,5,5,1,5,5,1,5,5,1,5,5,1,5,5,5,5,5,5,5,5,5,5,5,5
"Raesfeld",5,5,5,5,1,1,5,5,5,1,1,5,5,1,5,5,1,5,5,5,1,1,5,5,1,5,5,1,5,5,1,5,5,5,1,1,5,5,1,5,5,1,5,5,1,5,5,1,5,5,1,5,5,1,5,5,1,5,5,1,5,5,5,5,5,5,5,5,5,5,5,5
"Versmold",5,5,5,5,5,5,5,5,5,5,5,5,5,5,5,5,5,5,5,5,5,5,5,5,5,5,5,5,5,5,5,5,5,5,5,5,5,5,5,5,5,5,5,5,5,5,5,5,5,5,5,5,5,5,5,5,5,5,5,5,1,1,1,1,1,1,1,1,1,1,1,1
"Pulheim",5,5,5,5,5,5,5,5,5,5,5,5,5,5,5,5,5,5,5,5,5,5,5,5,5,5,5,5,5,5,5,5,5,5,5,5,5,5,5,5,5,5,5,5,5,5,5,5,5,5,5,5,5,5,5,5,5,5,5,5,1,1,1,1,1,1,1,1,1,1,1,1
"Laer",5,5,5,5,5,5,5,5,5,5,5,5,5,5,5,5,5,5,5,5,5,5,5,5,5,5,5,5,5,5,5,5,5,5,5,5,5,5,5,5,5,5,5,5,5,5,5,5,5,5,5,5,5,5,5,5,5,5,5,5,1,1,1,1,1,1,1,1,1,1,1,1
"Breckerfeld",5,5,5,5,1,1,5,5,5,1,1,5,5,1,5,5,1,5,5,5,1,1,5,5,1,5,5,1,5,5,1,5,5,5,1,1,5,5,1,5,5,1,5,5,1,5,5,1,5,5,1,5,5,1,5,5,1,5,5,1,5,5,5,5,5,5,5,5,5,5,5,5
"Westerkappeln",5,5,5,5,1,1,5,5,5,1,1,5,5,1,5,5,1,5,5,5,1,1,5,5,1,5,5,1,5,5,1,5,5,5,1,1,5,5,1,5,5,1,5,5,1,5,5,1,5,5,1,5,5,1,5,5,1,5,5,1,5,5,5,5,5,5,5,5,5,5,5,5
"Velbert",5,5,5,5,5,5,5,5,5,5,5,5,5,5,5,5,5,5,5,5,5,5,5,5,5,5,5,5,5,5,5,5,5,5,5,5,5,5,5,5,5,5,5,5,5,5,5,5,5,5,5,5,5,5,5,5,5,5,5,5,1,1,1,1,1,1,1,1,1,1,1,1
"SundernSauerland",1,1,1,1,5,5,1,1,1,5,5,1,1,5,1,1,5,1,1,1,5,5,1,1,5,1,1,5,1,1,5,1,1,1,5,5,1,1,5,1,1,5,1,1,5,1,1,5,1,1,5,1,1,5,1,1,5,1,1,5,5,5,5,5,5,5,5,5,5,5,5,5
"Linnich",5,5,5,5,5,5,5,5,5,5,5,5,5,5,5,5,5,5,5,5,5,5,5,5,5,5,5,5,5,5,5,5,5,5,5,5,5,5,5,5,5,5,5,5,5,5,5,5,5,5,5,5,5,5,5,5,5,5,5,5,1,1,1,1,1,1,1,1,1,1,1,1
"Detmold",5,5,5,5,5,5,5,5,5,5,5,5,5,5,5,5,5,5,5,5,5,5,5,5,5,5,5,5,5,5,5,5,5,5,5,5,5,5,5,5,5,5,5,5,5,5,5,5,5,5,5,5,5,5,5,5,5,5,5,5,1,1,1,1,1,1,1,1,1,1,1,1
"Rosendahl",5,5,5,5,1,1,5,5,5,1,1,5,5,1,5,5,1,5,5,5,1,1,5,5,1,5,5,1,5,5,1,5,5,5,1,1,5,5,1,5,5,1,5,5,1,5,5,1,5,5,1,5,5,1,5,5,1,5,5,1,5,5,5,5,5,5,5,5,5,5,5,5
"Espelkamp",1,1,1,1,5,5,1,1,1,5,5,1,1,5,1,1,5,1,1,1,5,5,1,1,5,1,1,5,1,1,5,1,1,1,5,5,1,1,5,1,1,5,1,1,5,1,1,5,1,1,5,1,1,5,1,1,5,1,1,5,5,5,5,5,5,5,5,5,5,5,5,5
"BedburgHau",5,5,5,5,1,1,5,5,5,1,1,5,5,1,5,5,1,5,5,5,1,1,5,5,1,5,5,1,5,5,1,5,5,5,1,1,5,5,1,5,5,1,5,5,1,5,5,1,5,5,1,5,5,1,5,5,1,5,5,1,5,5,5,5,5,5,5,5,5,5,5,5
"Paderborn",5,5,5,5,1,1,5,5,5,1,1,5,5,1,5,5,1,5,5,5,1,1,5,5,1,5,5,1,5,5,1,5,5,5,1,1,5,5,1,5,5,1,5,5,1,5,5,1,5,5,1,5,5,1,5,5,1,5,5,1,5,5,5,5,5,5,5,5,5,5,5,5
"Beverungen",1,1,1,1,5,5,1,1,1,5,5,1,1,5,1,1,5,1,1,1,5,5,1,1,5,1,1,5,1,1,5,1,1,1,5,5,1,1,5,1,1,5,1,1,5,1,1,5,1,1,5,1,1,5,1,1,5,1,1,5,5,5,5,5,5,5,5,5,5,5,5,5
"SanktAugustin",5,5,5,5,1,1,5,5,5,1,1,5,5,1,5,5,1,5,5,5,1,1,5,5,1,5,5,1,5,5,1,5,5,5,1,1,5,5,1,5,5,1,5,5,1,5,5,1,5,5,1,5,5,1,5,5,1,5,5,1,5,5,5,5,5,5,5,5,5,5,5,5
"Niederzier",1,1,1,1,5,5,1,1,1,5,5,1,1,5,1,1,5,1,1,1,5,5,1,1,5,1,1,5,1,1,5,1,1,1,5,5,1,1,5,1,1,5,1,1,5,1,1,5,1,1,5,1,1,5,1,1,5,1,1,5,5,5,5,5,5,5,5,5,5,5,5,5
"Elsdorf",5,5,5,5,1,1,5,5,5,1,1,5,5,1,5,5,1,5,5,5,1,1,5,5,1,5,5,1,5,5,1,5,5,5,1,1,5,5,1,5,5,1,5,5,1,5,5,1,5,5,1,5,5,1,5,5,1,5,5,1,5,5,5,5,5,5,5,5,5,5,5,5
"Isselburg",5,5,5,5,5,5,5,5,5,5,5,5,5,5,5,5,5,5,5,5,5,5,5,5,5,5,5,5,5,5,5,5,5,5,5,5,5,5,5,5,5,5,5,5,5,5,5,5,5,5,5,5,5,5,5,5,5,5,5,5,1,1,1,1,1,1,1,1,1,1,1,1
"EmmerichamRhein",5,5,5,5,1,1,5,5,5,1,1,5,5,1,5,5,1,5,5,5,1,1,5,5,1,5,5,1,5,5,1,5,5,5,1,1,5,5,1,5,5,1,5,5,1,5,5,1,5,5,1,5,5,1,5,5,1,5,5,1,5,5,5,5,5,5,5,5,5,5,5,5
"Wachtberg",1,1,1,1,5,5,1,1,1,5,5,1,1,5,1,1,5,1,1,1,5,5,1,1,5,1,1,5,1,1,5,1,1,1,5,5,1,1,5,1,1,5,1,1,5,1,1,5,1,1,5,1,1,5,1,1,5,1,1,5,5,5,5,5,5,5,5,5,5,5,5,5
"BadMuenstereifel",1,1,1,1,5,5,1,1,1,5,5,1,1,5,1,1,5,1,1,1,5,5,1,1,5,1,1,5,1,1,5,1,1,1,5,5,1,1,5,1,1,5,1,1,5,1,1,5,1,1,5,1,1,5,1,1,5,1,1,5,5,5,5,5,5,5,5,5,5,5,5,5
"Heiden",5,5,5,5,1,1,5,5,5,1,1,5,5,1,5,5,1,5,5,5,1,1,5,5,1,5,5,1,5,5,1,5,5,5,1,1,5,5,1,5,5,1,5,5,1,5,5,1,5,5,1,5,5,1,5,5,1,5,5,1,5,5,5,5,5,5,5,5,5,5,5,5
"Wiehl",5,5,5,5,5,5,5,5,5,5,5,5,5,5,5,5,5,5,5,5,5,5,5,5,5,5,5,5,5,5,5,5,5,5,5,5,5,5,5,5,5,5,5,5,5,5,5,5,5,5,5,5,5,5,5,5,5,5,5,5,1,1,1,1,1,1,1,1,1,1,1,1
"Netphen",5,5,5,5,5,5,5,5,5,5,5,5,5,5,5,5,5,5,5,5,5,5,5,5,5,5,5,5,5,5,5,5,5,5,5,5,5,5,5,5,5,5,5,5,5,5,5,5,5,5,5,5,5,5,5,5,5,5,5,5,1,1,1,1,1,1,1,1,1,1,1,1
"Huellhorst",5,5,5,5,5,5,5,5,5,5,5,5,5,5,5,5,5,5,5,5,5,5,5,5,5,5,5,5,5,5,5,5,5,5,5,5,5,5,5,5,5,5,5,5,5,5,5,5,5,5,5,5,5,5,5,5,5,5,5,5,1,1,1,1,1,1,1,1,1,1,1,1
"Bedburg",5,5,5,5,5,5,5,5,5,5,5,5,5,5,5,5,5,5,5,5,5,5,5,5,5,5,5,5,5,5,5,5,5,5,5,5,5,5,5,5,5,5,5,5,5,5,5,5,5,5,5,5,5,5,5,5,5,5,5,5,1,1,1,1,1,1,1,1,1,1,1,1
"Huerth",5,5,5,5,1,1,5,5,5,1,1,5,5,1,5,5,1,5,5,5,1,1,5,5,1,5,5,1,5,5,1,5,5,5,1,1,5,5,1,5,5,1,5,5,1,5,5,1,5,5,1,5,5,1,5,5,1,5,5,1,5,5,5,5,5,5,5,5,5,5,5,5
"Hilchenbach",5,5,5,5,1,1,5,5,5,1,1,5,5,1,5,5,1,5,5,5,1,1,5,5,1,5,5,1,5,5,1,5,5,5,1,1,5,5,1,5,5,1,5,5,1,5,5,1,5,5,1,5,5,1,5,5,1,5,5,1,5,5,5,5,5,5,5,5,5,5,5,5
"Inden",5,5,5,5,5,5,5,5,5,5,5,5,5,5,5,5,5,5,5,5,5,5,5,5,5,5,5,5,5,5,5,5,5,5,5,5,5,5,5,5,5,5,5,5,5,5,5,5,5,5,5,5,5,5,5,5,5,5,5,5,1,1,1,1,1,1,1,1,1,1,1,1
"Schmallenberg",5,5,5,5,5,5,5,5,5,5,5,5,5,5,5,5,5,5,5,5,5,5,5,5,5,5,5,5,5,5,5,5,5,5,5,5,5,5,5,5,5,5,5,5,5,5,5,5,5,5,5,5,5,5,5,5,5,5,5,5,1,1,1,1,1,1,1,1,1,1,1,1
"Hueckelhoven",5,5,5,5,1,1,5,5,5,1,1,5,5,1,5,5,1,5,5,5,1,1,5,5,1,5,5,1,5,5,1,5,5,5,1,1,5,5,1,5,5,1,5,5,1,5,5,1,5,5,1,5,5,1,5,5,1,5,5,1,5,5,5,5,5,5,5,5,5,5,5,5
"Ennigerloh",5,5,5,5,1,1,5,5,5,1,1,5,5,1,5,5,1,5,5,5,1,1,5,5,1,5,5,1,5,5,1,5,5,5,1,1,5,5,1,5,5,1,5,5,1,5,5,1,5,5,1,5,5,1,5,5,1,5,5,1,5,5,5,5,5,5,5,5,5,5,5,5
"Zuelpich",1,1,1,1,5,5,1,1,1,5,5,1,1,5,1,1,5,1,1,1,5,5,1,1,5,1,1,5,1,1,5,1,1,1,5,5,1,1,5,1,1,5,1,1,5,1,1,5,1,1,5,1,1,5,1,1,5,1,1,5,5,5,5,5,5,5,5,5,5,5,5,5
"Olfen",5,5,5,5,5,5,5,5,5,5,5,5,5,5,5,5,5,5,5,5,5,5,5,5,5,5,5,5,5,5,5,5,5,5,5,5,5,5,5,5,5,5,5,5,5,5,5,5,5,5,5,5,5,5,5,5,5,5,5,5,1,1,1,1,1,1,1,1,1,1,1,1
"Ense",5,5,5,5,5,5,5,5,5,5,5,5,5,5,5,5,5,5,5,5,5,5,5,5,5,5,5,5,5,5,5,5,5,5,5,5,5,5,5,5,5,5,5,5,5,5,5,5,5,5,5,5,5,5,5,5,5,5,5,5,1,1,1,1,1,1,1,1,1,1,1,1
"Nordwalde",5,5,5,5,1,1,5,5,5,1,1,5,5,1,5,5,1,5,5,5,1,1,5,5,1,5,5,1,5,5,1,5,5,5,1,1,5,5,1,5,5,1,5,5,1,5,5,1,5,5,1,5,5,1,5,5,1,5,5,1,5,5,5,5,5,5,5,5,5,5,5,5
"Warendorf",1,1,1,1,5,5,1,1,1,5,5,1,1,5,1,1,5,1,1,1,5,5,1,1,5,1,1,5,1,1,5,1,1,1,5,5,1,1,5,1,1,5,1,1,5,1,1,5,1,1,5,1,1,5,1,1,5,1,1,5,5,5,5,5,5,5,5,5,5,5,5,5
"Sendenhorst",5,5,5,5,1,1,5,5,5,1,1,5,5,1,5,5,1,5,5,5,1,1,5,5,1,5,5,1,5,5,1,5,5,5,1,1,5,5,1,5,5,1,5,5,1,5,5,1,5,5,1,5,5,1,5,5,1,5,5,1,5,5,5,5,5,5,5,5,5,5,5,5
"Witten",5,5,5,5,1,1,5,5,5,1,1,5,5,1,5,5,1,5,5,5,1,1,5,5,1,5,5,1,5,5,1,5,5,5,1,1,5,5,1,5,5,1,5,5,1,5,5,1,5,5,1,5,5,1,5,5,1,5,5,1,5,5,5,5,5,5,5,5,5,5,5,5
"Willebadessen",5,5,5,5,1,1,5,5,5,1,1,5,5,1,5,5,1,5,5,5,1,1,5,5,1,5,5,1,5,5,1,5,5,5,1,1,5,5,1,5,5,1,5,5,1,5,5,1,5,5,1,5,5,1,5,5,1,5,5,1,5,5,5,5,5,5,5,5,5,5,5,5
"Grevenbroich",1,1,1,1,5,5,1,1,1,5,5,1,1,5,1,1,5,1,1,1,5,5,1,1,5,1,1,5,1,1,5,1,1,1,5,5,1,1,5,1,1,5,1,1,5,1,1,5,1,1,5,1,1,5,1,1,5,1,1,5,5,5,5,5,5,5,5,5,5,5,5,5
"Freudenberg",5,5,5,5,5,5,5,5,5,5,5,5,5,5,5,5,5,5,5,5,5,5,5,5,5,5,5,5,5,5,5,5,5,5,5,5,5,5,5,5,5,5,5,5,5,5,5,5,5,5,5,5,5,5,5,5,5,5,5,5,1,1,1,1,1,1,1,1,1,1,1,1
"Stadtlohn",5,5,5,5,1,1,5,5,5,1,1,5,5,1,5,5,1,5,5,5,1,1,5,5,1,5,5,1,5,5,1,5,5,5,1,1,5,5,1,5,5,1,5,5,1,5,5,1,5,5,1,5,5,1,5,5,1,5,5,1,5,5,5,5,5,5,5,5,5,5,5,5
"Bueren",5,5,5,5,1,1,5,5,5,1,1,5,5,1,5,5,1,5,5,5,1,1,5,5,1,5,5,1,5,5,1,5,5,5,1,1,5,5,1,5,5,1,5,5,1,5,5,1,5,5,1,5,5,1,5,5,1,5,5,1,5,5,5,5,5,5,5,5,5,5,5,5
"Duelmen",5,5,5,5,1,1,5,5,5,1,1,5,5,1,5,5,1,5,5,5,1,1,5,5,1,5,5,1,5,5,1,5,5,5,1,1,5,5,1,5,5,1,5,5,1,5,5,1,5,5,1,5,5,1,5,5,1,5,5,1,5,5,5,5,5,5,5,5,5,5,5,5
"Rheinberg",1,1,1,1,5,5,1,1,1,5,5,1,1,5,1,1,5,1,1,1,5,5,1,1,5,1,1,5,1,1,5,1,1,1,5,5,1,1,5,1,1,5,1,1,5,1,1,5,1,1,5,1,1,5,1,1,5,1,1,5,5,5,5,5,5,5,5,5,5,5,5,5
"Morsbach",1,1,1,1,5,5,1,1,1,5,5,1,1,5,1,1,5,1,1,1,5,5,1,1,5,1,1,5,1,1,5,1,1,1,5,5,1,1,5,1,1,5,1,1,5,1,1,5,1,1,5,1,1,5,1,1,5,1,1,5,5,5,5,5,5,5,5,5,5,5,5,5
"BadSassendorf",5,5,5,5,5,5,5,5,5,5,5,5,5,5,5,5,5,5,5,5,5,5,5,5,5,5,5,5,5,5,5,5,5,5,5,5,5,5,5,5,5,5,5,5,5,5,5,5,5,5,5,5,5,5,5,5,5,5,5,5,1,1,1,1,1,1,1,1,1,1,1,1
"Geldern",5,5,5,5,1,1,5,5,5,1,1,5,5,1,5,5,1,5,5,5,1,1,5,5,1,5,5,1,5,5,1,5,5,5,1,1,5,5,1,5,5,1,5,5,1,5,5,1,5,5,1,5,5,1,5,5,1,5,5,1,5,5,5,5,5,5,5,5,5,5,5,5
"Lage",1,1,1,1,5,5,1,1,1,5,5,1,1,5,1,1,5,1,1,1,5,5,1,1,5,1,1,5,1,1,5,1,1,1,5,5,1,1,5,1,1,5,1,1,5,1,1,5,1,1,5,1,1,5,1,1,5,1,1,5,5,5,5,5,5,5,5,5,5,5,5,5
"Burbach",5,5,5,5,5,5,5,5,5,5,5,5,5,5,5,5,5,5,5,5,5,5,5,5,5,5,5,5,5,5,5,5,5,5,5,5,5,5,5,5,5,5,5,5,5,5,5,5,5,5,5,5,5,5,5,5,5,5,5,5,1,1,1,1,1,1,1,1,1,1,1,1
"Guetersloh",1,1,1,1,5,5,1,1,1,5,5,1,1,5,1,1,5,1,1,1,5,5,1,1,5,1,1,5,1,1,5,1,1,1,5,5,1,1,5,1,1,5,1,1,5,1,1,5,1,1,5,1,1,5,1,1,5,1,1,5,5,5,5,5,5,5,5,5,5,5,5,5
"Schwelm",1,1,1,1,5,5,1,1,1,5,5,1,1,5,1,1,5,1,1,1,5,5,1,1,5,1,1,5,1,1,5,1,1,1,5,5,1,1,5,1,1,5,1,1,5,1,1,5,1,1,5,1,1,5,1,1,5,1,1,5,5,5,5,5,5,5,5,5,5,5,5,5
"Frechen",1,1,1,1,5,5,1,1,1,5,5,1,1,5,1,1,5,1,1,1,5,5,1,1,5,1,1,5,1,1,5,1,1,1,5,5,1,1,5,1,1,5,1,1,5,1,1,5,1,1,5,1,1,5,1,1,5,1,1,5,5,5,5,5,5,5,5,5,5,5,5,5
"Unna",5,5,5,5,1,1,5,5,5,1,1,5,5,1,5,5,1,5,5,5,1,1,5,5,1,5,5,1,5,5,1,5,5,5,1,1,5,5,1,5,5,1,5,5,1,5,5,1,5,5,1,5,5,1,5,5,1,5,5,1,5,5,5,5,5,5,5,5,5,5,5,5
"PreussischOldendorf",1,1,1,1,5,5,1,1,1,5,5,1,1,5,1,1,5,1,1,1,5,5,1,1,5,1,1,5,1,1,5,1,1,1,5,5,1,1,5,1,1,5,1,1,5,1,1,5,1,1,5,1,1,5,1,1,5,1,1,5,5,5,5,5,5,5,5,5,5,5,5,5
"Anroechte",1,1,1,1,5,5,1,1,1,5,5,1,1,5,1,1,5,1,1,1,5,5,1,1,5,1,1,5,1,1,5,1,1,1,5,5,1,1,5,1,1,5,1,1,5,1,1,5,1,1,5,1,1,5,1,1,5,1,1,5,5,5,5,5,5,5,5,5,5,5,5,5
"BadOeynhausen",5,5,5,5,1,1,5,5,5,1,1,5,5,1,5,5,1,5,5,5,1,1,5,5,1,5,5,1,5,5,1,5,5,5,1,1,5,5,1,5,5,1,5,5,1,5,5,1,5,5,1,5,5,1,5,5,1,5,5,1,5,5,5,5,5,5,5,5,5,5,5,5
"Saerbeck",5,5,5,5,5,5,5,5,5,5,5,5,5,5,5,5,5,5,5,5,5,5,5,5,5,5,5,5,5,5,5,5,5,5,5,5,5,5,5,5,5,5,5,5,5,5,5,5,5,5,5,5,5,5,5,5,5,5,5,5,1,1,1,1,1,1,1,1,1,1,1,1
"Blankenheim",5,5,5,5,1,1,5,5,5,1,1,5,5,1,5,5,1,5,5,5,1,1,5,5,1,5,5,1,5,5,1,5,5,5,1,1,5,5,1,5,5,1,5,5,1,5,5,1,5,5,1,5,5,1,5,5,1,5,5,1,5,5,5,5,5,5,5,5,5,5,5,5
"Korschenbroich",5,5,5,5,5,5,5,5,5,5,5,5,5,5,5,5,5,5,5,5,5,5,5,5,5,5,5,5,5,5,5,5,5,5,5,5,5,5,5,5,5,5,5,5,5,5,5,5,5,5,5,5,5,5,5,5,5,5,5,5,1,1,1,1,1,1,1,1,1,1,1,1
"Kreuzau",5,5,5,5,1,1,5,5,5,1,1,5,5,1,5,5,1,5,5,5,1,1,5,5,1,5,5,1,5,5,1,5,5,5,1,1,5,5,1,5,5,1,5,5,1,5,5,1,5,5,1,5,5,1,5,5,1,5,5,1,5,5,5,5,5,5,5,5,5,5,5,5
"Bergneustadt",5,5,5,5,1,1,5,5,5,1,1,5,5,1,5,5,1,5,5,5,1,1,5,5,1,5,5,1,5,5,1,5,5,5,1,1,5,5,1,5,5,1,5,5,1,5,5,1,5,5,1,5,5,1,5,5,1,5,5,1,5,5,5,5,5,5,5,5,5,5,5,5
"Kirchhundem",5,5,5,5,1,1,5,5,5,1,1,5,5,1,5,5,1,5,5,5,1,1,5,5,1,5,5,1,5,5,1,5,5,5,1,1,5,5,1,5,5,1,5,5,1,5,5,1,5,5,1,5,5,1,5,5,1,5,5,1,5,5,5,5,5,5,5,5,5,5,5,5
"Halver",5,5,5,5,5,5,5,5,5,5,5,5,5,5,5,5,5,5,5,5,5,5,5,5,5,5,5,5,5,5,5,5,5,5,5,5,5,5,5,5,5,5,5,5,5,5,5,5,5,5,5,5,5,5,5,5,5,5,5,5,1,1,1,1,1,1,1,1,1,1,1,1
"Arnsberg",5,5,5,5,1,1,5,5,5,1,1,5,5,1,5,5,1,5,5,5,1,1,5,5,1,5,5,1,5,5,1,5,5,5,1,1,5,5,1,5,5,1,5,5,1,5,5,1,5,5,1,5,5,1,5,5,1,5,5,1,5,5,5,5,5,5,5,5,5,5,5,5
"VoerdeNiederrhein",1,1,1,1,5,5,1,1,1,5,5,1,1,5,1,1,5,1,1,1,5,5,1,1,5,1,1,5,1,1,5,1,1,1,5,5,1,1,5,1,1,5,1,1,5,1,1,5,1,1,5,1,1,5,1,1,5,1,1,5,5,5,5,5,5,5,5,5,5,5,5,5
"Langenberg",5,5,5,5,5,5,5,5,5,5,5,5,5,5,5,5,5,5,5,5,5,5,5,5,5,5,5,5,5,5,5,5,5,5,5,5,5,5,5,5,5,5,5,5,5,5,5,5,5,5,5,5,5,5,5,5,5,5,5,5,1,1,1,1,1,1,1,1,1,1,1,1
"Alpen",1,1,1,1,5,5,1,1,1,5,5,1,1,5,1,1,5,1,1,1,5,5,1,1,5,1,1,5,1,1,5,1,1,1,5,5,1,1,5,1,1,5,1,1,5,1,1,5,1,1,5,1,1,5,1,1,5,1,1,5,5,5,5,5,5,5,5,5,5,5,5,5
"Warburg",5,5,5,5,1,1,5,5,5,1,1,5,5,1,5,5,1,5,5,5,1,1,5,5,1,5,5,1,5,5,1,5,5,5,1,1,5,5,1,5,5,1,5,5,1,5,5,1,5,5,1,5,5,1,5,5,1,5,5,1,5,5,5,5,5,5,5,5,5,5,5,5
"Niederkruechten",1,1,1,1,5,5,1,1,1,5,5,1,1,5,1,1,5,1,1,1,5,5,1,1,5,1,1,5,1,1,5,1,1,1,5,5,1,1,5,1,1,5,1,1,5,1,1,5,1,1,5,1,1,5,1,1,5,1,1,5,5,5,5,5,5,5,5,5,5,5,5,5
"Langerwehe",5,5,5,5,5,5,5,5,5,5,5,5,5,5,5,5,5,5,5,5,5,5,5,5,5,5,5,5,5,5,5,5,5,5,5,5,5,5,5,5,5,5,5,5,5,5,5,5,5,5,5,5,5,5,5,5,5,5,5,5,1,1,1,1,1,1,1,1,1,1,1,1
"Recklinghausen",5,5,5,5,1,1,5,5,5,1,1,5,5,1,5,5,1,5,5,5,1,1,5,5,1,5,5,1,5,5,1,5,5,5,1,1,5,5,1,5,5,1,5,5,1,5,5,1,5,5,1,5,5,1,5,5,1,5,5,1,5,5,5,5,5,5,5,5,5,5,5,5
"SchlossHolteStukenbrock",5,5,5,5,1,1,5,5,5,1,1,5,5,1,5,5,1,5,5,5,1,1,5,5,1,5,5,1,5,5,1,5,5,5,1,1,5,5,1,5,5,1,5,5,1,5,5,1,5,5,1,5,5,1,5,5,1,5,5,1,5,5,5,5,5,5,5,5,5,5,5,5
"Kreuztal",5,5,5,5,1,1,5,5,5,1,1,5,5,1,5,5,1,5,5,5,1,1,5,5,1,5,5,1,5,5,1,5,5,5,1,1,5,5,1,5,5,1,5,5,1,5,5,1,5,5,1,5,5,1,5,5,1,5,5,1,5,5,5,5,5,5,5,5,5,5,5,5
"Ennepetal",5,5,5,5,5,5,5,5,5,5,5,5,5,5,5,5,5,5,5,5,5,5,5,5,5,5,5,5,5,5,5,5,5,5,5,5,5,5,5,5,5,5,5,5,5,5,5,5,5,5,5,5,5,5,5,5,5,5,5,5,1,1,1,1,1,1,1,1,1,1,1,1
"Erwitte",1,1,1,1,5,5,1,1,1,5,5,1,1,5,1,1,5,1,1,1,5,5,1,1,5,1,1,5,1,1,5,1,1,1,5,5,1,1,5,1,1,5,1,1,5,1,1,5,1,1,5,1,1,5,1,1,5,1,1,5,5,5,5,5,5,5,5,5,5,5,5,5
"Selfkant",1,1,1,1,5,5,1,1,1,5,5,1,1,5,1,1,5,1,1,1,5,5,1,1,5,1,1,5,1,1,5,1,1,1,5,5,1,1,5,1,1,5,1,1,5,1,1,5,1,1,5,1,1,5,1,1,5,1,1,5,5,5,5,5,5,5,5,5,5,5,5,5
"BadBerleburg",5,5,5,5,1,1,5,5,5,1,1,5,5,1,5,5,1,5,5,5,1,1,5,5,1,5,5,1,5,5,1,5,5,5,1,1,5,5,1,5,5,1,5,5,1,5,5,1,5,5,1,5,5,1,5,5,1,5,5,1,5,5,5,5,5,5,5,5,5,5,5,5
"Schermbeck",1,1,1,1,5,5,1,1,1,5,5,1,1,5,1,1,5,1,1,1,5,5,1,1,5,1,1,5,1,1,5,1,1,1,5,5,1,1,5,1,1,5,1,1,5,1,1,5,1,1,5,1,1,5,1,1,5,1,1,5,5,5,5,5,5,5,5,5,5,5,5,5
"Luebbecke",5,5,5,5,1,1,5,5,5,1,1,5,5,1,5,5,1,5,5,5,1,1,5,5,1,5,5,1,5,5,1,5,5,5,1,1,5,5,1,5,5,1,5,5,1,5,5,1,5,5,1,5,5,1,5,5,1,5,5,1,5,5,5,5,5,5,5,5,5,5,5,5
"Sprockhoevel",1,1,1,1,5,5,1,1,1,5,5,1,1,5,1,1,5,1,1,1,5,5,1,1,5,1,1,5,1,1,5,1,1,1,5,5,1,1,5,1,1,5,1,1,5,1,1,5,1,1,5,1,1,5,1,1,5,1,1,5,5,5,5,5,5,5,5,5,5,5,5,5
"Meinerzhagen",5,5,5,5,1,1,5,5,5,1,1,5,5,1,5,5,1,5,5,5,1,1,5,5,1,5,5,1,5,5,1,5,5,5,1,1,5,5,1,5,5,1,5,5,1,5,5,1,5,5,1,5,5,1,5,5,1,5,5,1,5,5,5,5,5,5,5,5,5,5,5,5
"Hattingen",5,5,5,5,5,5,5,5,5,5,5,5,5,5,5,5,5,5,5,5,5,5,5,5,5,5,5,5,5,5,5,5,5,5,5,5,5,5,5,5,5,5,5,5,5,5,5,5,5,5,5,5,5,5,5,5,5,5,5,5,1,1,1,1,1,1,1,1,1,1,1,1
"Olsberg",1,1,1,1,5,5,1,1,1,5,5,1,1,5,1,1,5,1,1,1,5,5,1,1,5,1,1,5,1,1,5,1,1,1,5,5,1,1,5,1,1,5,1,1,5,1,1,5,1,1,5,1,1,5,1,1,5,1,1,5,5,5,5,5,5,5,5,5,5,5,5,5
"Kall",5,5,5,5,1,1,5,5,5,1,1,5,5,1,5,5,1,5,5,5,1,1,5,5,1,5,5,1,5,5,1,5,5,5,1,1,5,5,1,5,5,1,5,5,1,5,5,1,5,5,1,5,5,1,5,5,1,5,5,1,5,5,5,5,5,5,5,5,5,5,5,5
"Blomberg",5,5,5,5,5,5,5,5,5,5,5,5,5,5,5,5,5,5,5,5,5,5,5,5,5,5,5,5,5,5,5,5,5,5,5,5,5,5,5,5,5,5,5,5,5,5,5,5,5,5,5,5,5,5,5,5,5,5,5,5,1,1,1,1,1,1,1,1,1,1,1,1
"BadLaasphe",5,5,5,5,5,5,5,5,5,5,5,5,5,5,5,5,5,5,5,5,5,5,5,5,5,5,5,5,5,5,5,5,5,5,5,5,5,5,5,5,5,5,5,5,5,5,5,5,5,5,5,5,5,5,5,5,5,5,5,5,1,1,1,1,1,1,1,1,1,1,1,1
"NeunkirchenSeelscheid",5,5,5,5,1,1,5,5,5,1,1,5,5,1,5,5,1,5,5,5,1,1,5,5,1,5,5,1,5,5,1,5,5,5,1,1,5,5,1,5,5,1,5,5,1,5,5,1,5,5,1,5,5,1,5,5,1,5,5,1,5,5,5,5,5,5,5,5,5,5,5,5
"Schalksmuehle",5,5,5,5,5,5,5,5,5,5,5,5,5,5,5,5,5,5,5,5,5,5,5,5,5,5,5,5,5,5,5,5,5,5,5,5,5,5,5,5,5,5,5,5,5,5,5,5,5,5,5,5,5,5,5,5,5,5,5,5,1,1,1,1,1,1,1,1,1,1,1,1
"Dortmund",5,5,5,5,5,5,5,5,5,5,5,5,5,5,5,5,5,5,5,5,5,5,5,5,5,5,5,5,5,5,5,5,5,5,5,5,5,5,5,5,5,5,5,5,5,5,5,5,5,5,5,5,5,5,5,5,5,5,5,5,1,1,1,1,1,1,1,1,1,1,1,1
"Neunkirchen",5,5,5,5,5,5,5,5,5,5,5,5,5,5,5,5,5,5,5,5,5,5,5,5,5,5,5,5,5,5,5,5,5,5,5,5,5,5,5,5,5,5,5,5,5,5,5,5,5,5,5,5,5,5,5,5,5,5,5,5,1,1,1,1,1,1,1,1,1,1,1,1
"Boenen",5,5,5,5,5,5,5,5,5,5,5,5,5,5,5,5,5,5,5,5,5,5,5,5,5,5,5,5,5,5,5,5,5,5,5,5,5,5,5,5,5,5,5,5,5,5,5,5,5,5,5,5,5,5,5,5,5,5,5,5,1,1,1,1,1,1,1,1,1,1,1,1
"Rietberg",1,1,1,1,5,5,1,1,1,5,5,1,1,5,1,1,5,1,1,1,5,5,1,1,5,1,1,5,1,1,5,1,1,1,5,5,1,1,5,1,1,5,1,1,5,1,1,5,1,1,5,1,1,5,1,1,5,1,1,5,5,5,5,5,5,5,5,5,5,5,5,5
"KampLintfort",1,1,1,1,5,5,1,1,1,5,5,1,1,5,1,1,5,1,1,1,5,5,1,1,5,1,1,5,1,1,5,1,1,1,5,5,1,1,5,1,1,5,1,1,5,1,1,5,1,1,5,1,1,5,1,1,5,1,1,5,5,5,5,5,5,5,5,5,5,5,5,5
"Kranenburg",1,1,1,1,5,5,1,1,1,5,5,1,1,5,1,1,5,1,1,1,5,5,1,1,5,1,1,5,1,1,5,1,1,1,5,5,1,1,5,1,1,5,1,1,5,1,1,5,1,1,5,1,1,5,1,1,5,1,1,5,5,5,5,5,5,5,5,5,5,5,5,5
"Willich",5,5,5,5,1,1,5,5,5,1,1,5,5,1,5,5,1,5,5,5,1,1,5,5,1,5,5,1,5,5,1,5,5,5,1,1,5,5,1,5,5,1,5,5,1,5,5,1,5,5,1,5,5,1,5,5,1,5,5,1,5,5,5,5,5,5,5,5,5,5,5,5
"Drensteinfurt",1,1,1,1,5,5,1,1,1,5,5,1,1,5,1,1,5,1,1,1,5,5,1,1,5,1,1,5,1,1,5,1,1,1,5,5,1,1,5,1,1,5,1,1,5,1,1,5,1,1,5,1,1,5,1,1,5,1,1,5,5,5,5,5,5,5,5,5,5,5,5,5
"Minden",5,5,5,5,1,1,5,5,5,1,1,5,5,1,5,5,1,5,5,5,1,1,5,5,1,5,5,1,5,5,1,5,5,5,1,1,5,5,1,5,5,1,5,5,1,5,5,1,5,5,1,5,5,1,5,5,1,5,5,1,5,5,5,5,5,5,5,5,5,5,5,5
"Moehnesee",5,5,5,5,5,5,5,5,5,5,5,5,5,5,5,5,5,5,5,5,5,5,5,5,5,5,5,5,5,5,5,5,5,5,5,5,5,5,5,5,5,5,5,5,5,5,5,5,5,5,5,5,5,5,5,5,5,5,5,5,1,1,1,1,1,1,1,1,1,1,1,1
"Hemer",5,5,5,5,5,5,5,5,5,5,5,5,5,5,5,5,5,5,5,5,5,5,5,5,5,5,5,5,5,5,5,5,5,5,5,5,5,5,5,5,5,5,5,5,5,5,5,5,5,5,5,5,5,5,5,5,5,5,5,5,1,1,1,1,1,1,1,1,1,1,1,1
"BadHonnef",5,5,5,5,1,1,5,5,5,1,1,5,5,1,5,5,1,5,5,5,1,1,5,5,1,5,5,1,5,5,1,5,5,5,1,1,5,5,1,5,5,1,5,5,1,5,5,1,5,5,1,5,5,1,5,5,1,5,5,1,5,5,5,5,5,5,5,5,5,5,5,5
"Reichshof",5,5,5,5,1,1,5,5,5,1,1,5,5,1,5,5,1,5,5,5,1,1,5,5,1,5,5,1,5,5,1,5,5,5,1,1,5,5,1,5,5,1,5,5,1,5,5,1,5,5,1,5,5,1,5,5,1,5,5,1,5,5,5,5,5,5,5,5,5,5,5,5
"Juelich",5,5,5,5,5,5,5,5,5,5,5,5,5,5,5,5,5,5,5,5,5,5,5,5,5,5,5,5,5,5,5,5,5,5,5,5,5,5,5,5,5,5,5,5,5,5,5,5,5,5,5,5,5,5,5,5,5,5,5,5,1,1,1,1,1,1,1,1,1,1,1,1
"Borchen",1,1,1,1,5,5,1,1,1,5,5,1,1,5,1,1,5,1,1,1,5,5,1,1,5,1,1,5,1,1,5,1,1,1,5,5,1,1,5,1,1,5,1,1,5,1,1,5,1,1,5,1,1,5,1,1,5,1,1,5,5,5,5,5,5,5,5,5,5,5,5,5
"Hiddenhausen",1,1,1,1,5,5,1,1,1,5,5,1,1,5,1,1,5,1,1,1,5,5,1,1,5,1,1,5,1,1,5,1,1,1,5,5,1,1,5,1,1,5,1,1,5,1,1,5,1,1,5,1,1,5,1,1,5,1,1,5,5,5,5,5,5,5,5,5,5,5,5,5
"Nuembrecht",5,5,5,5,5,5,5,5,5,5,5,5,5,5,5,5,5,5,5,5,5,5,5,5,5,5,5,5,5,5,5,5,5,5,5,5,5,5,5,5,5,5,5,5,5,5,5,5,5,5,5,5,5,5,5,5,5,5,5,5,1,1,1,1,1,1,1,1,1,1,1,1
"MonheimamRhein",5,5,5,5,1,1,5,5,5,1,1,5,5,1,5,5,1,5,5,5,1,1,5,5,1,5,5,1,5,5,1,5,5,5,1,1,5,5,1,5,5,1,5,5,1,5,5,1,5,5,1,5,5,1,5,5,1,5,5,1,5,5,5,5,5,5,5,5,5,5,5,5
"NeukirchenVluyn",1,1,1,1,5,5,1,1,1,5,5,1,1,5,1,1,5,1,1,1,5,5,1,1,5,1,1,5,1,1,5,1,1,1,5,5,1,1,5,1,1,5,1,1,5,1,1,5,1,1,5,1,1,5,1,1,5,1,1,5,5,5,5,5,5,5,5,5,5,5,5,5
"Rheinbach",5,5,5,5,1,1,5,5,5,1,1,5,5,1,5,5,1,5,5,5,1,1,5,5,1,5,5,1,5,5,1,5,5,5,1,1,5,5,1,5,5,1,5,5,1,5,5,1,5,5,1,5,5,1,5,5,1,5,5,1,5,5,5,5,5,5,5,5,5,5,5,5
"HennefSieg",5,5,5,5,5,5,5,5,5,5,5,5,5,5,5,5,5,5,5,5,5,5,5,5,5,5,5,5,5,5,5,5,5,5,5,5,5,5,5,5,5,5,5,5,5,5,5,5,5,5,5,5,5,5,5,5,5,5,5,5,1,1,1,1,1,1,1,1,1,1,1,1
"Swisttal",5,5,5,5,5,5,5,5,5,5,5,5,5,5,5,5,5,5,5,5,5,5,5,5,5,5,5,5,5,5,5,5,5,5,5,5,5,5,5,5,5,5,5,5,5,5,5,5,5,5,5,5,5,5,5,5,5,5,5,5,1,1,1,1,1,1,1,1,1,1,1,1
"Lohmar",1,1,1,1,5,5,1,1,1,5,5,1,1,5,1,1,5,1,1,1,5,5,1,1,5,1,1,5,1,1,5,1,1,1,5,5,1,1,5,1,1,5,1,1,5,1,1,5,1,1,5,1,1,5,1,1,5,1,1,5,5,5,5,5,5,5,5,5,5,5,5,5
"Weilerswist",1,1,1,1,5,5,1,1,1,5,5,1,1,5,1,1,5,1,1,1,5,5,1,1,5,1,1,5,1,1,5,1,1,1,5,5,1,1,5,1,1,5,1,1,5,1,1,5,1,1,5,1,1,5,1,1,5,1,1,5,5,5,5,5,5,5,5,5,5,5,5,5
"Borgentreich",1,1,1,1,5,5,1,1,1,5,5,1,1,5,1,1,5,1,1,1,5,5,1,1,5,1,1,5,1,1,5,1,1,1,5,5,1,1,5,1,1,5,1,1,5,1,1,5,1,1,5,1,1,5,1,1,5,1,1,5,5,5,5,5,5,5,5,5,5,5,5,5
"PortaWestfalica",1,1,1,1,5,5,1,1,1,5,5,1,1,5,1,1,5,1,1,1,5,5,1,1,5,1,1,5,1,1,5,1,1,1,5,5,1,1,5,1,1,5,1,1,5,1,1,5,1,1,5,1,1,5,1,1,5,1,1,5,5,5,5,5,5,5,5,5,5,5,5,5
"Merzenich",5,5,5,5,1,1,5,5,5,1,1,5,5,1,5,5,1,5,5,5,1,1,5,5,1,5,5,1,5,5,1,5,5,5,1,1,5,5,1,5,5,1,5,5,1,5,5,1,5,5,1,5,5,1,5,5,1,5,5,1,5,5,5,5,5,5,5,5,5,5,5,5
"Brilon",5,5,5,5,5,5,5,5,5,5,5,5,5,5,5,5,5,5,5,5,5,5,5,5,5,5,5,5,5,5,5,5,5,5,5,5,5,5,5,5,5,5,5,5,5,5,5,5,5,5,5,5,5,5,5,5,5,5,5,5,1,1,1,1,1,1,1,1,1,1,1,1
"Kaarst",1,1,1,1,5,5,1,1,1,5,5,1,1,5,1,1,5,1,1,1,5,5,1,1,5,1,1,5,1,1,5,1,1,1,5,5,1,1,5,1,1,5,1,1,5,1,1,5,1,1,5,1,1,5,1,1,5,1,1,5,5,5,5,5,5,5,5,5,5,5,5,5
"Marl",1,1,1,1,5,5,1,1,1,5,5,1,1,5,1,1,5,1,1,1,5,5,1,1,5,1,1,5,1,1,5,1,1,1,5,5,1,1,5,1,1,5,1,1,5,1,1,5,1,1,5,1,1,5,1,1,5,1,1,5,5,5,5,5,5,5,5,5,5,5,5,5
"Dorsten",1,1,1,1,5,5,1,1,1,5,5,1,1,5,1,1,5,1,1,1,5,5,1,1,5,1,1,5,1,1,5,1,1,1,5,5,1,1,5,1,1,5,1,1,5,1,1,5,1,1,5,1,1,5,1,1,5,1,1,5,5,5,5,5,5,5,5,5,5,5,5,5
"Oerlinghausen",5,5,5,5,1,1,5,5,5,1,1,5,5,1,5,5,1,5,5,5,1,1,5,5,1,5,5,1,5,5,1,5,5,5,1,1,5,5,1,5,5,1,5,5,1,5,5,1,5,5,1,5,5,1,5,5,1,5,5,1,5,5,5,5,5,5,5,5,5,5,5,5
"Grefrath",1,1,1,1,5,5,1,1,1,5,5,1,1,5,1,1,5,1,1,1,5,5,1,1,5,1,1,5,1,1,5,1,1,1,5,5,1,1,5,1,1,5,1,1,5,1,1,5,1,1,5,1,1,5,1,1,5,1,1,5,5,5,5,5,5,5,5,5,5,5,5,5
"Nettersheim",5,5,5,5,5,5,5,5,5,5,5,5,5,5,5,5,5,5,5,5,5,5,5,5,5,5,5,5,5,5,5,5,5,5,5,5,5,5,5,5,5,5,5,5,5,5,5,5,5,5,5,5,5,5,5,5,5,5,5,5,1,1,1,1,1,1,1,1,1,1,1,1
"Rhede",1,1,1,1,5,5,1,1,1,5,5,1,1,5,1,1,5,1,1,1,5,5,1,1,5,1,1,5,1,1,5,1,1,1,5,5,1,1,5,1,1,5,1,1,5,1,1,5,1,1,5,1,1,5,1,1,5,1,1,5,5,5,5,5,5,5,5,5,5,5,5,5
"Altena",5,5,5,5,5,5,5,5,5,5,5,5,5,5,5,5,5,5,5,5,5,5,5,5,5,5,5,5,5,5,5,5,5,5,5,5,5,5,5,5,5,5,5,5,5,5,5,5,5,5,5,5,5,5,5,5,5,5,5,5,1,1,1,1,1,1,1,1,1,1,1,1
"WetterRuhr",5,5,5,5,1,1,5,5,5,1,1,5,5,1,5,5,1,5,5,5,1,1,5,5,1,5,5,1,5,5,1,5,5,5,1,1,5,5,1,5,5,1,5,5,1,5,5,1,5,5,1,5,5,1,5,5,1,5,5,1,5,5,5,5,5,5,5,5,5,5,5,5
"BadDriburg",5,5,5,5,1,1,5,5,5,1,1,5,5,1,5,5,1,5,5,5,1,1,5,5,1,5,5,1,5,5,1,5,5,5,1,1,5,5,1,5,5,1,5,5,1,5,5,1,5,5,1,5,5,1,5,5,1,5,5,1,5,5,5,5,5,5,5,5,5,5,5,5
"Ruppichteroth",1,1,1,1,5,5,1,1,1,5,5,1,1,5,1,1,5,1,1,1,5,5,1,1,5,1,1,5,1,1,5,1,1,1,5,5,1,1,5,1,1,5,1,1,5,1,1,5,1,1,5,1,1,5,1,1,5,1,1,5,5,5,5,5,5,5,5,5,5,5,5,5
"Siegburg",5,5,5,5,1,1,5,5,5,1,1,5,5,1,5,5,1,5,5,5,1,1,5,5,1,5,5,1,5,5,1,5,5,5,1,1,5,5,1,5,5,1,5,5,1,5,5,1,5,5,1,5,5,1,5,5,1,5,5,1,5,5,5,5,5,5,5,5,5,5,5,5
"Hagen",5,5,5,5,5,5,5,5,5,5,5,5,5,5,5,5,5,5,5,5,5,5,5,5,5,5,5,5,5,5,5,5,5,5,5,5,5,5,5,5,5,5,5,5,5,5,5,5,5,5,5,5,5,5,5,5,5,5,5,5,1,1,1,1,1,1,1,1,1,1,1,1
"Herscheid",5,5,5,5,1,1,5,5,5,1,1,5,5,1,5,5,1,5,5,5,1,1,5,5,1,5,5,1,5,5,1,5,5,5,1,1,5,5,1,5,5,1,5,5,1,5,5,1,5,5,1,5,5,1,5,5,1,5,5,1,5,5,5,5,5,5,5,5,5,5,5,5
"Altenbeken",1,1,1,1,5,5,1,1,1,5,5,1,1,5,1,1,5,1,1,1,5,5,1,1,5,1,1,5,1,1,5,1,1,1,5,5,1,1,5,1,1,5,1,1,5,1,1,5,1,1,5,1,1,5,1,1,5,1,1,5,5,5,5,5,5,5,5,5,5,5,5,5
"Meckenheim",5,5,5,5,1,1,5,5,5,1,1,5,5,1,5,5,1,5,5,5,1,1,5,5,1,5,5,1,5,5,1,5,5,5,1,1,5,5,1,5,5,1,5,5,1,5,5,1,5,5,1,5,5,1,5,5,1,5,5,1,5,5,5,5,5,5,5,5,5,5,5,5
"Reken",5,5,5,5,5,5,5,5,5,5,5,5,5,5,5,5,5,5,5,5,5,5,5,5,5,5,5,5,5,5,5,5,5,5,5,5,5,5,5,5,5,5,5,5,5,5,5,5,5,5,5,5,5,5,5,5,5,5,5,5,1,1,1,1,1,1,1,1,1,1,1,1
"Leopoldshoehe",5,5,5,5,1,1,5,5,5,1,1,5,5,1,5,5,1,5,5,5,1,1,5,5,1,5,5,1,5,5,1,5,5,5,1,1,5,5,1,5,5,1,5,5,1,5,5,1,5,5,1,5,5,1,5,5,1,5,5,1,5,5,5,5,5,5,5,5,5,5,5,5
"Wegberg",1,1,1,1,5,5,1,1,1,5,5,1,1,5,1,1,5,1,1,1,5,5,1,1,5,1,1,5,1,1,5,1,1,1,5,5,1,1,5,1,1,5,1,1,5,1,1,5,1,1,5,1,1,5,1,1,5,1,1,5,5,5,5,5,5,5,5,5,5,5,5,5
"Dueren",5,5,5,5,5,5,5,5,5,5,5,5,5,5,5,5,5,5,5,5,5,5,5,5,5,5,5,5,5,5,5,5,5,5,5,5,5,5,5,5,5,5,5,5,5,5,5,5,5,5,5,5,5,5,5,5,5,5,5,5,1,1,1,1,1,1,1,1,1,1,1,1
"Ladbergen",5,5,5,5,1,1,5,5,5,1,1,5,5,1,5,5,1,5,5,5,1,1,5,5,1,5,5,1,5,5,1,5,5,5,1,1,5,5,1,5,5,1,5,5,1,5,5,1,5,5,1,5,5,1,5,5,1,5,5,1,5,5,5,5,5,5,5,5,5,5,5,5
"Neuenkirchen",5,5,5,5,1,1,5,5,5,1,1,5,5,1,5,5,1,5,5,5,1,1,5,5,1,5,5,1,5,5,1,5,5,5,1,1,5,5,1,5,5,1,5,5,1,5,5,1,5,5,1,5,5,1,5,5,1,5,5,1,5,5,5,5,5,5,5,5,5,5,5,5
"Lindlar",5,5,5,5,1,1,5,5,5,1,1,5,5,1,5,5,1,5,5,5,1,1,5,5,1,5,5,1,5,5,1,5,5,5,1,1,5,5,1,5,5,1,5,5,1,5,5,1,5,5,1,5,5,1,5,5,1,5,5,1,5,5,5,5,5,5,5,5,5,5,5,5
"Kempen",5,5,5,5,5,5,5,5,5,5,5,5,5,5,5,5,5,5,5,5,5,5,5,5,5,5,5,5,5,5,5,5,5,5,5,5,5,5,5,5,5,5,5,5,5,5,5,5,5,5,5,5,5,5,5,5,5,5,5,5,1,1,1,1,1,1,1,1,1,1,1,1
"Legden",5,5,5,5,1,1,5,5,5,1,1,5,5,1,5,5,1,5,5,5,1,1,5,5,1,5,5,1,5,5,1,5,5,5,1,1,5,5,1,5,5,1,5,5,1,5,5,1,5,5,1,5,5,1,5,5,1,5,5,1,5,5,5,5,5,5,5,5,5,5,5,5
"Rommerskirchen",5,5,5,5,1,1,5,5,5,1,1,5,5,1,5,5,1,5,5,5,1,1,5,5,1,5,5,1,5,5,1,5,5,5,1,1,5,5,1,5,5,1,5,5,1,5,5,1,5,5,1,5,5,1,5,5,1,5,5,1,5,5,5,5,5,5,5,5,5,5,5,5
"Hueckeswagen",5,5,5,5,1,1,5,5,5,1,1,5,5,1,5,5,1,5,5,5,1,1,5,5,1,5,5,1,5,5,1,5,5,5,1,1,5,5,1,5,5,1,5,5,1,5,5,1,5,5,1,5,5,1,5,5,1,5,5,1,5,5,5,5,5,5,5,5,5,5,5,5
"Wadersloh",5,5,5,5,1,1,5,5,5,1,1,5,5,1,5,5,1,5,5,5,1,1,5,5,1,5,5,1,5,5,1,5,5,5,1,1,5,5,1,5,5,1,5,5,1,5,5,1,5,5,1,5,5,1,5,5,1,5,5,1,5,5,5,5,5,5,5,5,5,5,5,5
"Bornheim",1,1,1,1,5,5,1,1,1,5,5,1,1,5,1,1,5,1,1,1,5,5,1,1,5,1,1,5,1,1,5,1,1,1,5,5,1,1,5,1,1,5,1,1,5,1,1,5,1,1,5,1,1,5,1,1,5,1,1,5,5,5,5,5,5,5,5,5,5,5,5,5
"Waldbroel",5,5,5,5,5,5,5,5,5,5,5,5,5,5,5,5,5,5,5,5,5,5,5,5,5,5,5,5,5,5,5,5,5,5,5,5,5,5,5,5,5,5,5,5,5,5,5,5,5,5,5,5,5,5,5,5,5,5,5,5,1,1,1,1,1,1,1,1,1,1,1,1
"Telgte",5,5,5,5,5,5,5,5,5,5,5,5,5,5,5,5,5,5,5,5,5,5,5,5,5,5,5,5,5,5,5,5,5,5,5,5,5,5,5,5,5,5,5,5,5,5,5,5,5,5,5,5,5,5,5,5,5,5,5,5,1,1,1,1,1,1,1,1,1,1,1,1
"Dormagen",5,5,5,5,5,5,5,5,5,5,5,5,5,5,5,5,5,5,5,5,5,5,5,5,5,5,5,5,5,5,5,5,5,5,5,5,5,5,5,5,5,5,5,5,5,5,5,5,5,5,5,5,5,5,5,5,5,5,5,5,1,1,1,1,1,1,1,1,1,1,1,1
"Nordkirchen",1,1,1,1,5,5,1,1,1,5,5,1,1,5,1,1,5,1,1,1,5,5,1,1,5,1,1,5,1,1,5,1,1,1,5,5,1,1,5,1,1,5,1,1,5,1,1,5,1,1,5,1,1,5,1,1,5,1,1,5,5,5,5,5,5,5,5,5,5,5,5,5
"Niederkassel",5,5,5,5,1,1,5,5,5,1,1,5,5,1,5,5,1,5,5,5,1,1,5,5,1,5,5,1,5,5,1,5,5,5,1,1,5,5,1,5,5,1,5,5,1,5,5,1,5,5,1,5,5,1,5,5,1,5,5,1,5,5,5,5,5,5,5,5,5,5,5,5
"Balve",5,5,5,5,5,5,5,5,5,5,5,5,5,5,5,5,5,5,5,5,5,5,5,5,5,5,5,5,5,5,5,5,5,5,5,5,5,5,5,5,5,5,5,5,5,5,5,5,5,5,5,5,5,5,5,5,5,5,5,5,1,1,1,1,1,1,1,1,1,1,1,1
"Billerbeck",1,1,1,1,5,5,1,1,1,5,5,1,1,5,1,1,5,1,1,1,5,5,1,1,5,1,1,5,1,1,5,1,1,1,5,5,1,1,5,1,1,5,1,1,5,1,1,5,1,1,5,1,1,5,1,1,5,1,1,5,5,5,5,5,5,5,5,5,5,5,5,5
"Altenberge",5,5,5,5,1,1,5,5,5,1,1,5,5,1,5,5,1,5,5,5,1,1,5,5,1,5,5,1,5,5,1,5,5,5,1,1,5,5,1,5,5,1,5,5,1,5,5,1,5,5,1,5,5,1,5,5,1,5,5,1,5,5,5,5,5,5,5,5,5,5,5,5
"Heiligenhaus",1,1,1,1,5,5,1,1,1,5,5,1,1,5,1,1,5,1,1,1,5,5,1,1,5,1,1,5,1,1,5,1,1,1,5,5,1,1,5,1,1,5,1,1,5,1,1,5,1,1,5,1,1,5,1,1,5,1,1,5,5,5,5,5,5,5,5,5,5,5,5,5
"Ochtrup",1,1,1,1,5,5,1,1,1,5,5,1,1,5,1,1,5,1,1,1,5,5,1,1,5,1,1,5,1,1,5,1,1,1,5,5,1,1,5,1,1,5,1,1,5,1,1,5,1,1,5,1,1,5,1,1,5,1,1,5,5,5,5,5,5,5,5,5,5,5,5,5
"Velen",5,5,5,5,5,5,5,5,5,5,5,5,5,5,5,5,5,5,5,5,5,5,5,5,5,5,5,5,5,5,5,5,5,5,5,5,5,5,5,5,5,5,5,5,5,5,5,5,5,5,5,5,5,5,5,5,5,5,5,5,1,1,1,1,1,1,1,1,1,1,1,1
"Wassenberg",5,5,5,5,1,1,5,5,5,1,1,5,5,1,5,5,1,5,5,5,1,1,5,5,1,5,5,1,5,5,1,5,5,5,1,1,5,5,1,5,5,1,5,5,1,5,5,1,5,5,1,5,5,1,5,5,1,5,5,1,5,5,5,5,5,5,5,5,5,5,5,5
"Harsewinkel",1,1,1,1,5,5,1,1,1,5,5,1,1,5,1,1,5,1,1,1,5,5,1,1,5,1,1,5,1,1,5,1,1,1,5,5,1,1,5,1,1,5,1,1,5,1,1,5,1,1,5,1,1,5,1,1,5,1,1,5,5,5,5,5,5,5,5,5,5,5,5,5
"Erftstadt",5,5,5,5,1,1,5,5,5,1,1,5,5,1,5,5,1,5,5,5,1,1,5,5,1,5,5,1,5,5,1,5,5,5,1,1,5,5,1,5,5,1,5,5,1,5,5,1,5,5,1,5,5,1,5,5,1,5,5,1,5,5,5,5,5,5,5,5,5,5,5,5
"Rees",1,1,1,1,5,5,1,1,1,5,5,1,1,5,1,1,5,1,1,1,5,5,1,1,5,1,1,5,1,1,5,1,1,1,5,5,1,1,5,1,1,5,1,1,5,1,1,5,1,1,5,1,1,5,1,1,5,1,1,5,5,5,5,5,5,5,5,5,5,5,5,5
"Heek",1,1,1,1,5,5,1,1,1,5,5,1,1,5,1,1,5,1,1,1,5,5,1,1,5,1,1,5,1,1,5,1,1,1,5,5,1,1,5,1,1,5,1,1,5,1,1,5,1,1,5,1,1,5,1,1,5,1,1,5,5,5,5,5,5,5,5,5,5,5,5,5
"Hoexter",5,5,5,5,1,1,5,5,5,1,1,5,5,1,5,5,1,5,5,5,1,1,5,5,1,5,5,1,5,5,1,5,5,5,1,1,5,5,1,5,5,1,5,5,1,5,5,1,5,5,1,5,5,1,5,5,1,5,5,1,5,5,5,5,5,5,5,5,5,5,5,5
"Vlotho",5,5,5,5,1,1,5,5,5,1,1,5,5,1,5,5,1,5,5,5,1,1,5,5,1,5,5,1,5,5,1,5,5,5,1,1,5,5,1,5,5,1,5,5,1,5,5,1,5,5,1,5,5,1,5,5,1,5,5,1,5,5,5,5,5,5,5,5,5,5,5,5
"Aldenhoven",1,1,1,1,5,5,1,1,1,5,5,1,1,5,1,1,5,1,1,1,5,5,1,1,5,1,1,5,1,1,5,1,1,1,5,5,1,1,5,1,1,5,1,1,5,1,1,5,1,1,5,1,1,5,1,1,5,1,1,5,5,5,5,5,5,5,5,5,5,5,5,5
"EsloheSauerland",1,1,1,1,5,5,1,1,1,5,5,1,1,5,1,1,5,1,1,1,5,5,1,1,5,1,1,5,1,1,5,1,1,1,5,5,1,1,5,1,1,5,1,1,5,1,1,5,1,1,5,1,1,5,1,1,5,1,1,5,5,5,5,5,5,5,5,5,5,5,5,5
"Dahlem",5,5,5,5,1,1,5,5,5,1,1,5,5,1,5,5,1,5,5,5,1,1,5,5,1,5,5,1,5,5,1,5,5,5,1,1,5,5,1,5,5,1,5,5,1,5,5,1,5,5,1,5,5,1,5,5,1,5,5,1,5,5,5,5,5,5,5,5,5,5,5,5
"Gescher",5,5,5,5,1,1,5,5,5,1,1,5,5,1,5,5,1,5,5,5,1,1,5,5,1,5,5,1,5,5,1,5,5,5,1,1,5,5,1,5,5,1,5,5,1,5,5,1,5,5,1,5,5,1,5,5,1,5,5,1,5,5,5,5,5,5,5,5,5,5,5,5
"Wachtendonk",1,1,1,1,5,5,1,1,1,5,5,1,1,5,1,1,5,1,1,1,5,5,1,1,5,1,1,5,1,1,5,1,1,1,5,5,1,1,5,1,1,5,1,1,5,1,1,5,1,1,5,1,1,5,1,1,5,1,1,5,5,5,5,5,5,5,5,5,5,5,5,5
"Herne",5,5,5,5,1,1,5,5,5,1,1,5,5,1,5,5,1,5,5,5,1,1,5,5,1,5,5,1,5,5,1,5,5,5,1,1,5,5,1,5,5,1,5,5,1,5,5,1,5,5,1,5,5,1,5,5,1,5,5,1,5,5,5,5,5,5,5,5,5,5,5,5
"HalternamSee",1,1,1,1,5,5,1,1,1,5,5,1,1,5,1,1,5,1,1,1,5,5,1,1,5,1,1,5,1,1,5,1,1,1,5,5,1,1,5,1,1,5,1,1,5,1,1,5,1,1,5,1,1,5,1,1,5,1,1,5,5,5,5,5,5,5,5,5,5,5,5,5
"Toenisvorst",5,5,5,5,1,1,5,5,5,1,1,5,5,1,5,5,1,5,5,5,1,1,5,5,1,5,5,1,5,5,1,5,5,5,1,1,5,5,1,5,5,1,5,5,1,5,5,1,5,5,1,5,5,1,5,5,1,5,5,1,5,5,5,5,5,5,5,5,5,5,5,5
"Moers",5,5,5,5,1,1,5,5,5,1,1,5,5,1,5,5,1,5,5,5,1,1,5,5,1,5,5,1,5,5,1,5,5,5,1,1,5,5,1,5,5,1,5,5,1,5,5,1,5,5,1,5,5,1,5,5,1,5,5,1,5,5,5,5,5,5,5,5,5,5,5,5
"Schlangen",1,1,1,1,5,5,1,1,1,5,5,1,1,5,1,1,5,1,1,1,5,5,1,1,5,1,1,5,1,1,5,1,1,1,5,5,1,1,5,1,1,5,1,1,5,1,1,5,1,1,5,1,1,5,1,1,5,1,1,5,5,5,5,5,5,5,5,5,5,5,5,5
"Meschede",1,1,1,1,5,5,1,1,1,5,5,1,1,5,1,1,5,1,1,1,5,5,1,1,5,1,1,5,1,1,5,1,1,1,5,5,1,1,5,1,1,5,1,1,5,1,1,5,1,1,5,1,1,5,1,1,5,1,1,5,5,5,5,5,5,5,5,5,5,5,5,5
"Dinslaken",5,5,5,5,1,1,5,5,5,1,1,5,5,1,5,5,1,5,5,5,1,1,5,5,1,5,5,1,5,5,1,5,5,5,1,1,5,5,1,5,5,1,5,5,1,5,5,1,5,5,1,5,5,1,5,5,1,5,5,1,5,5,5,5,5,5,5,5,5,5,5,5
"Kerpen",5,5,5,5,1,1,5,5,5,1,1,5,5,1,5,5,1,5,5,5,1,1,5,5,1,5,5,1,5,5,1,5,5,5,1,1,5,5,1,5,5,1,5,5,1,5,5,1,5,5,1,5,5,1,5,5,1,5,5,1,5,5,5,5,5,5,5,5,5,5,5,5
"Koenigswinter",5,5,5,5,5,5,5,5,5,5,5,5,5,5,5,5,5,5,5,5,5,5,5,5,5,5,5,5,5,5,5,5,5,5,5,5,5,5,5,5,5,5,5,5,5,5,5,5,5,5,5,5,5,5,5,5,5,5,5,5,1,1,1,1,1,1,1,1,1,1,1,1
"Kierspe",5,5,5,5,5,5,5,5,5,5,5,5,5,5,5,5,5,5,5,5,5,5,5,5,5,5,5,5,5,5,5,5,5,5,5,5,5,5,5,5,5,5,5,5,5,5,5,5,5,5,5,5,5,5,5,5,5,5,5,5,1,1,1,1,1,1,1,1,1,1,1,1
"Marienheide",1,1,1,1,5,5,1,1,1,5,5,1,1,5,1,1,5,1,1,1,5,5,1,1,5,1,1,5,1,1,5,1,1,1,5,5,1,1,5,1,1,5,1,1,5,1,1,5,1,1,5,1,1,5,1,1,5,1,1,5,5,5,5,5,5,5,5,5,5,5,5,5
"Winterberg",5,5,5,5,1,1,5,5,5,1,1,5,5,1,5,5,1,5,5,5,1,1,5,5,1,5,5,1,5,5,1,5,5,5,1,1,5,5,1,5,5,1,5,5,1,5,5,1,5,5,1,5,5,1,5,5,1,5,5,1,5,5,5,5,5,5,5,5,5,5,5,5
"Aachen",5,5,5,5,5,5,5,5,5,5,5,5,5,5,5,5,5,5,5,5,5,5,5,5,5,5,5,5,5,5,5,5,5,5,5,5,5,5,5,5,5,5,5,5,5,5,5,5,5,5,5,5,5,5,5,5,5,5,5,5,1,1,1,1,1,1,1,1,1,1,1,1
"Alsdorf",5,5,5,5,1,1,5,5,5,1,1,5,5,1,5,5,1,5,5,5,1,1,5,5,1,5,5,1,5,5,1,5,5,5,1,1,5,5,1,5,5,1,5,5,1,5,5,1,5,5,1,5,5,1,5,5,1,5,5,1,5,5,5,5,5,5,5,5,5,5,5,5
"Baesweiler",5,5,5,5,5,5,5,5,5,5,5,5,5,5,5,5,5,5,5,5,5,5,5,5,5,5,5,5,5,5,5,5,5,5,5,5,5,5,5,5,5,5,5,5,5,5,5,5,5,5,5,5,5,5,5,5,5,5,5,5,1,1,1,1,1,1,1,1,1,1,1,1
"Eschweiler",1,1,1,1,5,5,1,1,1,5,5,1,1,5,1,1,5,1,1,1,5,5,1,1,5,1,1,5,1,1,5,1,1,1,5,5,1,1,5,1,1,5,1,1,5,1,1,5,1,1,5,1,1,5,1,1,5,1,1,5,5,5,5,5,5,5,5,5,5,5,5,5
"Herzogenrath",5,5,5,5,5,5,5,5,5,5,5,5,5,5,5,5,5,5,5,5,5,5,5,5,5,5,5,5,5,5,5,5,5,5,5,5,5,5,5,5,5,5,5,5,5,5,5,5,5,5,5,5,5,5,5,5,5,5,5,5,1,1,1,1,1,1,1,1,1,1,1,1
"Monschau",1,1,1,1,5,5,1,1,1,5,5,1,1,5,1,1,5,1,1,1,5,5,1,1,5,1,1,5,1,1,5,1,1,1,5,5,1,1,5,1,1,5,1,1,5,1,1,5,1,1,5,1,1,5,1,1,5,1,1,5,5,5,5,5,5,5,5,5,5,5,5,5
"Roetgen",5,5,5,5,1,1,5,5,5,1,1,5,5,1,5,5,1,5,5,5,1,1,5,5,1,5,5,1,5,5,1,5,5,5,1,1,5,5,1,5,5,1,5,5,1,5,5,1,5,5,1,5,5,1,5,5,1,5,5,1,5,5,5,5,5,5,5,5,5,5,5,5
"Simmerath",1,1,1,1,5,5,1,1,1,5,5,1,1,5,1,1,5,1,1,1,5,5,1,1,5,1,1,5,1,1,5,1,1,1,5,5,1,1,5,1,1,5,1,1,5,1,1,5,1,1,5,1,1,5,1,1,5,1,1,5,5,5,5,5,5,5,5,5,5,5,5,5
"StolbergRhld",1,1,1,1,5,5,1,1,1,5,5,1,1,5,1,1,5,1,1,1,5,5,1,1,5,1,1,5,1,1,5,1,1,1,5,5,1,1,5,1,1,5,1,1,5,1,1,5,1,1,5,1,1,5,1,1,5,1,1,5,5,5,5,5,5,5,5,5,5,5,5,5
"Vreden",5,5,5,5,5,5,5,5,5,5,5,5,5,5,5,5,5,5,5,5,5,5,5,5,5,5,5,5,5,5,5,5,5,5,5,5,5,5,5,5,5,5,5,5,5,5,5,5,5,5,5,5,5,5,5,5,5,5,5,5,1,1,1,1,1,1,1,1,1,1,1,1
"Wuerselen",1,1,1,1,5,5,1,1,1,5,5,1,1,5,1,1,5,1,1,1,5,5,1,1,5,1,1,5,1,1,5,1,1,1,5,5,1,1,5,1,1,5,1,1,5,1,1,5,1,1,5,1,1,5,1,1,5,1,1,5,5,5,5,5,5,5,5,5,5,5,5,5
